/*M!999999\- enable the sandbox mode */ 
-- MariaDB dump 10.19-12.2.2-MariaDB, for Win64 (AMD64)
--
-- Host: 127.0.0.1    Database: mpl_indonesia_dw
-- ------------------------------------------------------
-- Server version	12.2.2-MariaDB

/*!40101 SET @OLD_CHARACTER_SET_CLIENT=@@CHARACTER_SET_CLIENT */;
/*!40101 SET @OLD_CHARACTER_SET_RESULTS=@@CHARACTER_SET_RESULTS */;
/*!40101 SET @OLD_COLLATION_CONNECTION=@@COLLATION_CONNECTION */;
/*!40101 SET NAMES utf8mb4 */;
/*!40103 SET @OLD_TIME_ZONE=@@TIME_ZONE */;
/*!40103 SET TIME_ZONE='+00:00' */;
/*!40014 SET @OLD_UNIQUE_CHECKS=@@UNIQUE_CHECKS, UNIQUE_CHECKS=0 */;
/*!40014 SET @OLD_FOREIGN_KEY_CHECKS=@@FOREIGN_KEY_CHECKS, FOREIGN_KEY_CHECKS=0 */;
/*!40101 SET @OLD_SQL_MODE=@@SQL_MODE, SQL_MODE='NO_AUTO_VALUE_ON_ZERO' */;
/*M!100616 SET @OLD_NOTE_VERBOSITY=@@NOTE_VERBOSITY, NOTE_VERBOSITY=0 */;

--
-- Current Database: `mpl_indonesia_dw`
--

CREATE DATABASE /*!32312 IF NOT EXISTS*/ `mpl_indonesia_dw` /*!40100 DEFAULT CHARACTER SET utf8mb4 COLLATE utf8mb4_unicode_ci */;

USE `mpl_indonesia_dw`;

--
-- Table structure for table `dim_award_type`
--

DROP TABLE IF EXISTS `dim_award_type`;
/*!40101 SET @saved_cs_client     = @@character_set_client */;
/*!40101 SET character_set_client = utf8mb4 */;
CREATE TABLE `dim_award_type` (
  `award_type_key` int(10) unsigned NOT NULL AUTO_INCREMENT,
  `award_name` varchar(100) NOT NULL,
  `award_group` varchar(30) NOT NULL,
  PRIMARY KEY (`award_type_key`),
  UNIQUE KEY `uq_dim_award_name` (`award_name`),
  CONSTRAINT `chk_dim_award_group` CHECK (`award_group` in ('Individual','Team Selection'))
) ENGINE=InnoDB AUTO_INCREMENT=16 DEFAULT CHARSET=utf8mb4 COLLATE=utf8mb4_unicode_ci;
/*!40101 SET character_set_client = @saved_cs_client */;

--
-- Dumping data for table `dim_award_type`
--

SET @OLD_AUTOCOMMIT=@@AUTOCOMMIT, @@AUTOCOMMIT=0;
LOCK TABLES `dim_award_type` WRITE;
/*!40000 ALTER TABLE `dim_award_type` DISABLE KEYS */;
INSERT INTO `dim_award_type` VALUES
(1,'Regular Season MVP','Individual'),
(2,'Finals MVP','Individual'),
(3,'Most Improved','Individual'),
(4,'Rising Star','Individual'),
(5,'Rookie of The Season','Individual'),
(6,'Dream Team','Team Selection'),
(7,'First Team','Team Selection'),
(8,'Second Team','Team Selection');
/*!40000 ALTER TABLE `dim_award_type` ENABLE KEYS */;
UNLOCK TABLES;
COMMIT;
SET AUTOCOMMIT=@OLD_AUTOCOMMIT;

--
-- Table structure for table `dim_match`
--

DROP TABLE IF EXISTS `dim_match`;
/*!40101 SET @saved_cs_client     = @@character_set_client */;
/*!40101 SET character_set_client = utf8mb4 */;
CREATE TABLE `dim_match` (
  `match_key` int(10) unsigned NOT NULL AUTO_INCREMENT,
  `match_id` int(10) unsigned NOT NULL,
  `stage` varchar(30) NOT NULL,
  `week` tinyint(3) unsigned DEFAULT NULL,
  `match_day` tinyint(3) unsigned DEFAULT NULL,
  `round_name` varchar(80) DEFAULT NULL,
  PRIMARY KEY (`match_key`),
  UNIQUE KEY `uq_dim_match_id` (`match_id`),
  CONSTRAINT `chk_dim_match_stage` CHECK (`stage` in ('Regular Season','Playoffs')),
  CONSTRAINT `chk_dim_match_stage_fields` CHECK (`stage` = 'Regular Season' and `week` is not null and `match_day` is not null and `round_name` is null or `stage` = 'Playoffs' and `week` is null and `match_day` is null and `round_name` is not null)
) ENGINE=InnoDB AUTO_INCREMENT=512 DEFAULT CHARSET=utf8mb4 COLLATE=utf8mb4_unicode_ci;
/*!40101 SET character_set_client = @saved_cs_client */;

--
-- Dumping data for table `dim_match`
--

SET @OLD_AUTOCOMMIT=@@AUTOCOMMIT, @@AUTOCOMMIT=0;
LOCK TABLES `dim_match` WRITE;
/*!40000 ALTER TABLE `dim_match` DISABLE KEYS */;
INSERT INTO `dim_match` VALUES
(1,1,'Regular Season',1,1,NULL),
(2,2,'Regular Season',1,1,NULL),
(3,3,'Regular Season',1,2,NULL),
(4,4,'Regular Season',1,2,NULL),
(5,5,'Regular Season',1,3,NULL),
(6,6,'Regular Season',1,3,NULL),
(7,7,'Regular Season',1,3,NULL),
(8,8,'Regular Season',1,4,NULL),
(9,9,'Regular Season',1,4,NULL),
(10,10,'Regular Season',2,1,NULL),
(11,11,'Regular Season',2,1,NULL),
(12,12,'Regular Season',2,2,NULL),
(13,13,'Regular Season',2,2,NULL),
(14,14,'Regular Season',2,3,NULL),
(15,15,'Regular Season',2,3,NULL),
(16,16,'Regular Season',2,3,NULL),
(17,17,'Regular Season',2,4,NULL),
(18,18,'Regular Season',2,4,NULL),
(19,19,'Regular Season',3,1,NULL),
(20,20,'Regular Season',3,1,NULL),
(21,21,'Regular Season',3,2,NULL),
(22,22,'Regular Season',3,2,NULL),
(23,23,'Regular Season',3,3,NULL),
(24,24,'Regular Season',3,3,NULL),
(25,25,'Regular Season',3,3,NULL),
(26,26,'Regular Season',3,4,NULL),
(27,27,'Regular Season',3,4,NULL),
(28,28,'Regular Season',4,1,NULL),
(29,29,'Regular Season',4,1,NULL),
(30,30,'Regular Season',4,2,NULL),
(31,31,'Regular Season',4,2,NULL),
(32,32,'Regular Season',4,3,NULL),
(33,33,'Regular Season',4,3,NULL),
(34,34,'Regular Season',4,3,NULL),
(35,35,'Regular Season',4,4,NULL),
(36,36,'Regular Season',4,4,NULL),
(37,37,'Regular Season',5,1,NULL),
(38,38,'Regular Season',5,1,NULL),
(39,39,'Regular Season',5,2,NULL),
(40,40,'Regular Season',5,2,NULL),
(41,41,'Regular Season',5,3,NULL),
(42,42,'Regular Season',5,3,NULL),
(43,43,'Regular Season',5,3,NULL),
(44,44,'Regular Season',5,4,NULL),
(45,45,'Regular Season',5,4,NULL),
(46,46,'Regular Season',6,1,NULL),
(47,47,'Regular Season',6,1,NULL),
(48,48,'Regular Season',6,2,NULL),
(49,49,'Regular Season',6,2,NULL),
(50,50,'Regular Season',6,3,NULL),
(51,51,'Regular Season',6,3,NULL),
(52,52,'Regular Season',6,3,NULL),
(53,53,'Regular Season',6,4,NULL),
(54,54,'Regular Season',6,4,NULL),
(55,55,'Regular Season',7,1,NULL),
(56,56,'Regular Season',7,1,NULL),
(57,57,'Regular Season',7,2,NULL),
(58,58,'Regular Season',7,2,NULL),
(59,59,'Regular Season',7,3,NULL),
(60,60,'Regular Season',7,3,NULL),
(61,61,'Regular Season',7,3,NULL),
(62,62,'Regular Season',7,4,NULL),
(63,63,'Regular Season',7,4,NULL),
(64,64,'Regular Season',8,1,NULL),
(65,65,'Regular Season',8,1,NULL),
(66,66,'Regular Season',8,2,NULL),
(67,67,'Regular Season',8,2,NULL),
(68,68,'Regular Season',8,3,NULL),
(69,69,'Regular Season',8,3,NULL),
(70,70,'Regular Season',8,3,NULL),
(71,71,'Regular Season',8,4,NULL),
(72,72,'Regular Season',8,4,NULL),
(73,73,'Playoffs',NULL,NULL,'Play-In (Bo5)'),
(74,74,'Playoffs',NULL,NULL,'Play-In (Bo5)'),
(75,75,'Playoffs',NULL,NULL,'Upper Bracket SF (Bo5)'),
(76,76,'Playoffs',NULL,NULL,'Upper Bracket SF (Bo5)'),
(77,77,'Playoffs',NULL,NULL,'Lower Bracket SF (Bo5)'),
(78,78,'Playoffs',NULL,NULL,'Upper Bracket Final (Bo5)'),
(79,79,'Playoffs',NULL,NULL,'Lower Bracket Final (Bo5)'),
(80,80,'Playoffs',NULL,NULL,'Grand Final (Bo7)'),
(81,81,'Regular Season',1,1,NULL),
(82,82,'Regular Season',1,1,NULL),
(83,83,'Regular Season',1,2,NULL),
(84,84,'Regular Season',1,2,NULL),
(85,85,'Regular Season',1,2,NULL),
(86,86,'Regular Season',1,3,NULL),
(87,87,'Regular Season',1,3,NULL),
(88,88,'Regular Season',1,3,NULL),
(89,89,'Regular Season',2,1,NULL),
(90,90,'Regular Season',2,1,NULL),
(91,91,'Regular Season',2,2,NULL),
(92,92,'Regular Season',2,2,NULL),
(93,93,'Regular Season',2,2,NULL),
(94,94,'Regular Season',2,3,NULL),
(95,95,'Regular Season',2,3,NULL),
(96,96,'Regular Season',2,3,NULL),
(97,97,'Regular Season',3,1,NULL),
(98,98,'Regular Season',3,1,NULL),
(99,99,'Regular Season',3,2,NULL),
(100,100,'Regular Season',3,2,NULL),
(101,101,'Regular Season',3,2,NULL),
(102,102,'Regular Season',3,3,NULL),
(103,103,'Regular Season',3,3,NULL),
(104,104,'Regular Season',3,3,NULL),
(105,105,'Regular Season',4,1,NULL),
(106,106,'Regular Season',4,1,NULL),
(107,107,'Regular Season',4,2,NULL),
(108,108,'Regular Season',4,2,NULL),
(109,109,'Regular Season',4,2,NULL),
(110,110,'Regular Season',4,3,NULL),
(111,111,'Regular Season',4,3,NULL),
(112,112,'Regular Season',4,3,NULL),
(113,113,'Regular Season',5,1,NULL),
(114,114,'Regular Season',5,1,NULL),
(115,115,'Regular Season',5,2,NULL),
(116,116,'Regular Season',5,2,NULL),
(117,117,'Regular Season',5,2,NULL),
(118,118,'Regular Season',5,3,NULL),
(119,119,'Regular Season',5,3,NULL),
(120,120,'Regular Season',5,3,NULL),
(121,121,'Regular Season',6,1,NULL),
(122,122,'Regular Season',6,1,NULL),
(123,123,'Regular Season',6,2,NULL),
(124,124,'Regular Season',6,2,NULL),
(125,125,'Regular Season',6,2,NULL),
(126,126,'Regular Season',6,3,NULL),
(127,127,'Regular Season',6,3,NULL),
(128,128,'Regular Season',6,3,NULL),
(129,129,'Regular Season',7,1,NULL),
(130,130,'Regular Season',7,1,NULL),
(131,131,'Regular Season',7,2,NULL),
(132,132,'Regular Season',7,2,NULL),
(133,133,'Regular Season',7,2,NULL),
(134,134,'Regular Season',7,3,NULL),
(135,135,'Regular Season',7,3,NULL),
(136,136,'Regular Season',7,3,NULL),
(137,137,'Regular Season',8,1,NULL),
(138,138,'Regular Season',8,1,NULL),
(139,139,'Regular Season',8,2,NULL),
(140,140,'Regular Season',8,2,NULL),
(141,141,'Regular Season',8,2,NULL),
(142,142,'Regular Season',8,3,NULL),
(143,143,'Regular Season',8,3,NULL),
(144,144,'Regular Season',8,3,NULL),
(145,145,'Regular Season',9,1,NULL),
(146,146,'Regular Season',9,1,NULL),
(147,147,'Regular Season',9,2,NULL),
(148,148,'Regular Season',9,2,NULL),
(149,149,'Regular Season',9,2,NULL),
(150,150,'Regular Season',9,3,NULL),
(151,151,'Regular Season',9,3,NULL),
(152,152,'Regular Season',9,3,NULL),
(153,153,'Playoffs',NULL,NULL,'Play-in (Bo5)'),
(154,154,'Playoffs',NULL,NULL,'Play-in (Bo5)'),
(155,155,'Playoffs',NULL,NULL,'Upper Bracket SF (Bo5)'),
(156,156,'Playoffs',NULL,NULL,'Upper Bracket SF (Bo5)'),
(157,157,'Playoffs',NULL,NULL,'Lower Bracket SF (Bo5)'),
(158,158,'Playoffs',NULL,NULL,'Upper Bracket Final (Bo5)'),
(159,159,'Playoffs',NULL,NULL,'Lower Bracket Final (Bo5)'),
(160,160,'Playoffs',NULL,NULL,'Grand Final (Bo7)'),
(161,161,'Regular Season',1,1,NULL),
(162,162,'Regular Season',1,1,NULL),
(163,163,'Regular Season',1,2,NULL),
(164,164,'Regular Season',1,2,NULL),
(165,165,'Regular Season',1,2,NULL),
(166,166,'Regular Season',1,3,NULL),
(167,167,'Regular Season',1,3,NULL),
(168,168,'Regular Season',1,3,NULL),
(169,169,'Regular Season',2,1,NULL),
(170,170,'Regular Season',2,1,NULL),
(171,171,'Regular Season',2,2,NULL),
(172,172,'Regular Season',2,2,NULL),
(173,173,'Regular Season',2,2,NULL),
(174,174,'Regular Season',2,3,NULL),
(175,175,'Regular Season',2,3,NULL),
(176,176,'Regular Season',2,3,NULL),
(177,177,'Regular Season',3,1,NULL),
(178,178,'Regular Season',3,1,NULL),
(179,179,'Regular Season',3,2,NULL),
(180,180,'Regular Season',3,2,NULL),
(181,181,'Regular Season',3,2,NULL),
(182,182,'Regular Season',3,3,NULL),
(183,183,'Regular Season',3,3,NULL),
(184,184,'Regular Season',3,3,NULL),
(185,185,'Regular Season',4,1,NULL),
(186,186,'Regular Season',4,1,NULL),
(187,187,'Regular Season',4,2,NULL),
(188,188,'Regular Season',4,2,NULL),
(189,189,'Regular Season',4,2,NULL),
(190,190,'Regular Season',4,3,NULL),
(191,191,'Regular Season',4,3,NULL),
(192,192,'Regular Season',4,3,NULL),
(193,193,'Regular Season',5,1,NULL),
(194,194,'Regular Season',5,1,NULL),
(195,195,'Regular Season',5,2,NULL),
(196,196,'Regular Season',5,2,NULL),
(197,197,'Regular Season',5,2,NULL),
(198,198,'Regular Season',5,3,NULL),
(199,199,'Regular Season',5,3,NULL),
(200,200,'Regular Season',5,3,NULL),
(201,201,'Regular Season',6,1,NULL),
(202,202,'Regular Season',6,1,NULL),
(203,203,'Regular Season',6,2,NULL),
(204,204,'Regular Season',6,2,NULL),
(205,205,'Regular Season',6,2,NULL),
(206,206,'Regular Season',6,3,NULL),
(207,207,'Regular Season',6,3,NULL),
(208,208,'Regular Season',6,3,NULL),
(209,209,'Regular Season',7,1,NULL),
(210,210,'Regular Season',7,1,NULL),
(211,211,'Regular Season',7,2,NULL),
(212,212,'Regular Season',7,2,NULL),
(213,213,'Regular Season',7,2,NULL),
(214,214,'Regular Season',7,3,NULL),
(215,215,'Regular Season',7,3,NULL),
(216,216,'Regular Season',7,3,NULL),
(217,217,'Regular Season',8,1,NULL),
(218,218,'Regular Season',8,1,NULL),
(219,219,'Regular Season',8,2,NULL),
(220,220,'Regular Season',8,2,NULL),
(221,221,'Regular Season',8,2,NULL),
(222,222,'Regular Season',8,3,NULL),
(223,223,'Regular Season',8,3,NULL),
(224,224,'Regular Season',8,3,NULL),
(225,225,'Regular Season',9,1,NULL),
(226,226,'Regular Season',9,1,NULL),
(227,227,'Regular Season',9,2,NULL),
(228,228,'Regular Season',9,2,NULL),
(229,229,'Regular Season',9,2,NULL),
(230,230,'Regular Season',9,3,NULL),
(231,231,'Regular Season',9,3,NULL),
(232,232,'Regular Season',9,3,NULL),
(233,233,'Playoffs',NULL,NULL,'Play-In (Bo5)'),
(234,234,'Playoffs',NULL,NULL,'Play-In (Bo5)'),
(235,235,'Playoffs',NULL,NULL,'Upper Bracket SF (Bo5)'),
(236,236,'Playoffs',NULL,NULL,'Upper Bracket SF (Bo5)'),
(237,237,'Playoffs',NULL,NULL,'Lower Bracket SF (Bo5)'),
(238,238,'Playoffs',NULL,NULL,'Upper Bracket Final (Bo5)'),
(239,239,'Playoffs',NULL,NULL,'Lower Bracket Final (Bo5)'),
(240,240,'Playoffs',NULL,NULL,'Grand Final (Bo7)'),
(241,241,'Regular Season',1,1,NULL),
(242,242,'Regular Season',1,1,NULL),
(243,243,'Regular Season',1,2,NULL),
(244,244,'Regular Season',1,2,NULL),
(245,245,'Regular Season',1,2,NULL),
(246,246,'Regular Season',1,3,NULL),
(247,247,'Regular Season',1,3,NULL),
(248,248,'Regular Season',1,3,NULL),
(249,249,'Regular Season',2,1,NULL),
(250,250,'Regular Season',2,1,NULL),
(251,251,'Regular Season',2,2,NULL),
(252,252,'Regular Season',2,2,NULL),
(253,253,'Regular Season',2,2,NULL),
(254,254,'Regular Season',2,3,NULL),
(255,255,'Regular Season',2,3,NULL),
(256,256,'Regular Season',2,3,NULL),
(257,257,'Regular Season',3,1,NULL),
(258,258,'Regular Season',3,1,NULL),
(259,259,'Regular Season',3,2,NULL),
(260,260,'Regular Season',3,2,NULL),
(261,261,'Regular Season',3,2,NULL),
(262,262,'Regular Season',3,3,NULL),
(263,263,'Regular Season',3,3,NULL),
(264,264,'Regular Season',3,3,NULL),
(265,265,'Regular Season',4,1,NULL),
(266,266,'Regular Season',4,1,NULL),
(267,267,'Regular Season',4,2,NULL),
(268,268,'Regular Season',4,2,NULL),
(269,269,'Regular Season',4,2,NULL),
(270,270,'Regular Season',4,3,NULL),
(271,271,'Regular Season',4,3,NULL),
(272,272,'Regular Season',4,3,NULL),
(273,273,'Regular Season',5,1,NULL),
(274,274,'Regular Season',5,1,NULL),
(275,275,'Regular Season',5,2,NULL),
(276,276,'Regular Season',5,2,NULL),
(277,277,'Regular Season',5,2,NULL),
(278,278,'Regular Season',5,3,NULL),
(279,279,'Regular Season',5,3,NULL),
(280,280,'Regular Season',5,3,NULL),
(281,281,'Regular Season',6,1,NULL),
(282,282,'Regular Season',6,1,NULL),
(283,283,'Regular Season',6,2,NULL),
(284,284,'Regular Season',6,2,NULL),
(285,285,'Regular Season',6,2,NULL),
(286,286,'Regular Season',6,3,NULL),
(287,287,'Regular Season',6,3,NULL),
(288,288,'Regular Season',6,3,NULL),
(289,289,'Regular Season',7,1,NULL),
(290,290,'Regular Season',7,1,NULL),
(291,291,'Regular Season',7,2,NULL),
(292,292,'Regular Season',7,2,NULL),
(293,293,'Regular Season',7,2,NULL),
(294,294,'Regular Season',7,3,NULL),
(295,295,'Regular Season',7,3,NULL),
(296,296,'Regular Season',7,3,NULL),
(297,297,'Regular Season',8,1,NULL),
(298,298,'Regular Season',8,1,NULL),
(299,299,'Regular Season',8,2,NULL),
(300,300,'Regular Season',8,2,NULL),
(301,301,'Regular Season',8,2,NULL),
(302,302,'Regular Season',8,3,NULL),
(303,303,'Regular Season',8,3,NULL),
(304,304,'Regular Season',8,3,NULL),
(305,305,'Regular Season',9,1,NULL),
(306,306,'Regular Season',9,1,NULL),
(307,307,'Regular Season',9,2,NULL),
(308,308,'Regular Season',9,2,NULL),
(309,309,'Regular Season',9,2,NULL),
(310,310,'Regular Season',9,3,NULL),
(311,311,'Regular Season',9,3,NULL),
(312,312,'Regular Season',9,3,NULL),
(313,313,'Playoffs',NULL,NULL,'Upper Bracket Quarterfinals'),
(314,314,'Playoffs',NULL,NULL,'Upper Bracket Quarterfinals'),
(315,315,'Playoffs',NULL,NULL,'Upper Bracket Semifinals'),
(316,316,'Playoffs',NULL,NULL,'Upper Bracket Semifinals'),
(317,317,'Playoffs',NULL,NULL,'Lower Bracket Semifinal'),
(318,318,'Playoffs',NULL,NULL,'Upper Bracket Final'),
(319,319,'Playoffs',NULL,NULL,'Lower Bracket Final'),
(320,320,'Playoffs',NULL,NULL,'Grand Final'),
(321,321,'Regular Season',1,1,NULL),
(322,322,'Regular Season',1,1,NULL),
(323,323,'Regular Season',1,2,NULL),
(324,324,'Regular Season',1,2,NULL),
(325,325,'Regular Season',1,2,NULL),
(326,326,'Regular Season',1,3,NULL),
(327,327,'Regular Season',1,3,NULL),
(328,328,'Regular Season',1,3,NULL),
(329,329,'Regular Season',2,1,NULL),
(330,330,'Regular Season',2,1,NULL),
(331,331,'Regular Season',2,2,NULL),
(332,332,'Regular Season',2,2,NULL),
(333,333,'Regular Season',2,2,NULL),
(334,334,'Regular Season',2,3,NULL),
(335,335,'Regular Season',2,3,NULL),
(336,336,'Regular Season',2,3,NULL),
(337,337,'Regular Season',3,1,NULL),
(338,338,'Regular Season',3,1,NULL),
(339,339,'Regular Season',3,2,NULL),
(340,340,'Regular Season',3,2,NULL),
(341,341,'Regular Season',3,2,NULL),
(342,342,'Regular Season',3,3,NULL),
(343,343,'Regular Season',3,3,NULL),
(344,344,'Regular Season',3,3,NULL),
(345,345,'Regular Season',4,1,NULL),
(346,346,'Regular Season',4,1,NULL),
(347,347,'Regular Season',4,2,NULL),
(348,348,'Regular Season',4,2,NULL),
(349,349,'Regular Season',4,2,NULL),
(350,350,'Regular Season',4,3,NULL),
(351,351,'Regular Season',4,3,NULL),
(352,352,'Regular Season',4,3,NULL),
(353,353,'Regular Season',5,1,NULL),
(354,354,'Regular Season',5,1,NULL),
(355,355,'Regular Season',5,2,NULL),
(356,356,'Regular Season',5,2,NULL),
(357,357,'Regular Season',5,2,NULL),
(358,358,'Regular Season',5,3,NULL),
(359,359,'Regular Season',5,3,NULL),
(360,360,'Regular Season',5,3,NULL),
(361,361,'Regular Season',6,1,NULL),
(362,362,'Regular Season',6,1,NULL),
(363,363,'Regular Season',6,2,NULL),
(364,364,'Regular Season',6,2,NULL),
(365,365,'Regular Season',6,2,NULL),
(366,366,'Regular Season',6,3,NULL),
(367,367,'Regular Season',6,3,NULL),
(368,368,'Regular Season',6,3,NULL),
(369,369,'Regular Season',7,1,NULL),
(370,370,'Regular Season',7,1,NULL),
(371,371,'Regular Season',7,2,NULL),
(372,372,'Regular Season',7,2,NULL),
(373,373,'Regular Season',7,2,NULL),
(374,374,'Regular Season',7,3,NULL),
(375,375,'Regular Season',7,3,NULL),
(376,376,'Regular Season',7,3,NULL),
(377,377,'Regular Season',8,1,NULL),
(378,378,'Regular Season',8,1,NULL),
(379,379,'Regular Season',8,2,NULL),
(380,380,'Regular Season',8,2,NULL),
(381,381,'Regular Season',8,2,NULL),
(382,382,'Regular Season',8,3,NULL),
(383,383,'Regular Season',8,3,NULL),
(384,384,'Regular Season',8,3,NULL),
(385,385,'Regular Season',9,1,NULL),
(386,386,'Regular Season',9,1,NULL),
(387,387,'Regular Season',9,2,NULL),
(388,388,'Regular Season',9,2,NULL),
(389,389,'Regular Season',9,2,NULL),
(390,390,'Regular Season',9,3,NULL),
(391,391,'Regular Season',9,3,NULL),
(392,392,'Regular Season',9,3,NULL),
(393,393,'Playoffs',NULL,NULL,'Upper Bracket Quarterfinals'),
(394,394,'Playoffs',NULL,NULL,'Upper Bracket Quarterfinals'),
(395,395,'Playoffs',NULL,NULL,'Upper Bracket Semifinals'),
(396,396,'Playoffs',NULL,NULL,'Upper Bracket Semifinals'),
(397,397,'Playoffs',NULL,NULL,'Lower Bracket Semifinal'),
(398,398,'Playoffs',NULL,NULL,'Upper Bracket Final'),
(399,399,'Playoffs',NULL,NULL,'Lower Bracket Final'),
(400,400,'Playoffs',NULL,NULL,'Grand Final'),
(401,401,'Regular Season',1,1,NULL),
(402,402,'Regular Season',1,1,NULL),
(403,403,'Regular Season',1,2,NULL),
(404,404,'Regular Season',1,2,NULL),
(405,405,'Regular Season',1,2,NULL),
(406,406,'Regular Season',1,3,NULL),
(407,407,'Regular Season',1,3,NULL),
(408,408,'Regular Season',1,3,NULL),
(409,409,'Regular Season',2,1,NULL),
(410,410,'Regular Season',2,1,NULL),
(411,411,'Regular Season',2,2,NULL),
(412,412,'Regular Season',2,2,NULL),
(413,413,'Regular Season',2,2,NULL),
(414,414,'Regular Season',2,3,NULL),
(415,415,'Regular Season',2,3,NULL),
(416,416,'Regular Season',2,3,NULL),
(417,417,'Regular Season',3,1,NULL),
(418,418,'Regular Season',3,1,NULL),
(419,419,'Regular Season',3,2,NULL),
(420,420,'Regular Season',3,2,NULL),
(421,421,'Regular Season',3,2,NULL),
(422,422,'Regular Season',3,3,NULL),
(423,423,'Regular Season',3,3,NULL),
(424,424,'Regular Season',3,3,NULL),
(425,425,'Regular Season',4,1,NULL),
(426,426,'Regular Season',4,1,NULL),
(427,427,'Regular Season',4,2,NULL),
(428,428,'Regular Season',4,2,NULL),
(429,429,'Regular Season',4,2,NULL),
(430,430,'Regular Season',4,3,NULL),
(431,431,'Regular Season',4,3,NULL),
(432,432,'Regular Season',4,3,NULL),
(433,433,'Regular Season',5,1,NULL),
(434,434,'Regular Season',5,1,NULL),
(435,435,'Regular Season',5,2,NULL),
(436,436,'Regular Season',5,2,NULL),
(437,437,'Regular Season',5,2,NULL),
(438,438,'Regular Season',5,3,NULL),
(439,439,'Regular Season',5,3,NULL),
(440,440,'Regular Season',5,3,NULL),
(441,441,'Regular Season',6,1,NULL),
(442,442,'Regular Season',6,1,NULL),
(443,443,'Regular Season',6,2,NULL),
(444,444,'Regular Season',6,2,NULL),
(445,445,'Regular Season',6,2,NULL),
(446,446,'Regular Season',6,3,NULL),
(447,447,'Regular Season',6,3,NULL),
(448,448,'Regular Season',6,3,NULL),
(449,449,'Regular Season',7,1,NULL),
(450,450,'Regular Season',7,1,NULL),
(451,451,'Regular Season',7,2,NULL),
(452,452,'Regular Season',7,2,NULL),
(453,453,'Regular Season',7,2,NULL),
(454,454,'Regular Season',7,3,NULL),
(455,455,'Regular Season',7,3,NULL),
(456,456,'Regular Season',7,3,NULL),
(457,457,'Regular Season',8,1,NULL),
(458,458,'Regular Season',8,1,NULL),
(459,459,'Regular Season',8,2,NULL),
(460,460,'Regular Season',8,2,NULL),
(461,461,'Regular Season',8,2,NULL),
(462,462,'Regular Season',8,3,NULL),
(463,463,'Regular Season',8,3,NULL),
(464,464,'Regular Season',8,3,NULL),
(465,465,'Regular Season',9,1,NULL),
(466,466,'Regular Season',9,1,NULL),
(467,467,'Regular Season',9,2,NULL),
(468,468,'Regular Season',9,2,NULL),
(469,469,'Regular Season',9,2,NULL),
(470,470,'Regular Season',9,3,NULL),
(471,471,'Regular Season',9,3,NULL),
(472,472,'Regular Season',9,3,NULL),
(473,473,'Playoffs',NULL,NULL,'Upper Bracket Quarterfinals'),
(474,474,'Playoffs',NULL,NULL,'Upper Bracket Quarterfinals'),
(475,475,'Playoffs',NULL,NULL,'Upper Bracket Semifinals'),
(476,476,'Playoffs',NULL,NULL,'Upper Bracket Semifinals'),
(477,477,'Playoffs',NULL,NULL,'Lower Bracket Semifinal'),
(478,478,'Playoffs',NULL,NULL,'Upper Bracket Final'),
(479,479,'Playoffs',NULL,NULL,'Lower Bracket Final'),
(480,480,'Playoffs',NULL,NULL,'Grand Final');
/*!40000 ALTER TABLE `dim_match` ENABLE KEYS */;
UNLOCK TABLES;
COMMIT;
SET AUTOCOMMIT=@OLD_AUTOCOMMIT;

--
-- Table structure for table `dim_person`
--

DROP TABLE IF EXISTS `dim_person`;
/*!40101 SET @saved_cs_client     = @@character_set_client */;
/*!40101 SET character_set_client = utf8mb4 */;
CREATE TABLE `dim_person` (
  `person_key` int(10) unsigned NOT NULL AUTO_INCREMENT,
  `person_name` varchar(100) NOT NULL,
  `nationality` varchar(80) NOT NULL,
  PRIMARY KEY (`person_key`),
  UNIQUE KEY `uq_dim_person_name` (`person_name`)
) ENGINE=InnoDB AUTO_INCREMENT=256 DEFAULT CHARSET=utf8mb4 COLLATE=utf8mb4_unicode_ci;
/*!40101 SET character_set_client = @saved_cs_client */;

--
-- Dumping data for table `dim_person`
--

SET @OLD_AUTOCOMMIT=@@AUTOCOMMIT, @@AUTOCOMMIT=0;
LOCK TABLES `dim_person` WRITE;
/*!40000 ALTER TABLE `dim_person` DISABLE KEYS */;
INSERT INTO `dim_person` VALUES
(1,'A B O Y','Indonesia'),
(2,'Adi','Indonesia'),
(3,'AeronnShikii','Indonesia'),
(4,'Aether','Indonesia'),
(5,'Age','Indonesia'),
(6,'Alberttt','Indonesia'),
(7,'Aldo','Indonesia'),
(8,'Alekk','Indonesia'),
(9,'Alevaa','Indonesia'),
(10,'Anavel','Indonesia'),
(11,'Andoryuuu','Philippines'),
(12,'Aprho','Indonesia'),
(13,'Aran','Indonesia'),
(14,'Aredlavv','Indonesia'),
(15,'Arfy','Indonesia'),
(16,'Arss','Indonesia'),
(17,'Asune','Indonesia'),
(18,'Audycs','Indonesia'),
(19,'Aville','Indonesia'),
(20,'Azuraa','Indonesia'),
(21,'Baloyskie','Philippines'),
(22,'Bam','Philippines'),
(23,'Banana','Indonesia'),
(24,'Barbossa','Indonesia'),
(25,'Bluffzy','Philippines'),
(26,'BomBi','Philippines'),
(27,'Bondolz','Indonesia'),
(28,'Bq syaii','Indonesia'),
(29,'Branz','Indonesia'),
(30,'Bravo','Indonesia'),
(31,'Brusko','Philippines'),
(32,'Bunnyqt','Indonesia'),
(33,'Butss','Indonesia'),
(34,'Caderaa','Indonesia'),
(35,'Caesius','Indonesia'),
(36,'Caleb','Indonesia'),
(37,'Celiboy','Indonesia'),
(38,'Chenn','Indonesia'),
(39,'Cikoo','Indonesia'),
(40,'Claw Kun','Indonesia'),
(41,'Clayyy','Indonesia'),
(42,'Cr1te','Indonesia'),
(43,'CW','Indonesia'),
(44,'Cyruz','Indonesia'),
(45,'Dan','Philippines'),
(46,'Deee','Indonesia'),
(47,'Dolynn','Indonesia'),
(48,'Donn','Indonesia'),
(49,'Dora','Indonesia'),
(50,'Dreams','Indonesia'),
(51,'Drian','Indonesia'),
(52,'Drichel','Indonesia'),
(53,'Dyrennn','Indonesia'),
(54,'Dyx0n','Indonesia'),
(55,'E2MAX','Philippines'),
(56,'EgaTzy','Indonesia'),
(57,'EMANN','Philippines'),
(58,'Erlan','Indonesia'),
(59,'Erpang','Indonesia'),
(60,'Facehugger','Indonesia'),
(61,'Falah','Indonesia'),
(62,'Faviannn','Indonesia'),
(63,'Febbb','Indonesia'),
(64,'Ferxiic','Indonesia'),
(65,'Finn','Indonesia'),
(66,'Fluffy','Indonesia'),
(67,'Frizzyyy','Indonesia'),
(68,'G','Indonesia'),
(69,'Gebe','Indonesia'),
(70,'Gobs','Indonesia'),
(71,'Gugun','Indonesia'),
(72,'H a n','Indonesia'),
(73,'Haiz','Indonesia'),
(74,'HanafiTzy','Indonesia'),
(75,'Hazle','Indonesia'),
(76,'Her','Indonesia'),
(77,'High','Indonesia'),
(78,'Hijumee','Indonesia'),
(79,'Honjaw','Indonesia'),
(80,'Idok','Indonesia'),
(81,'Irrad','Philippines'),
(82,'Ivann','Indonesia'),
(83,'Jacklee','Indonesia'),
(84,'Jeymz','Philippines'),
(85,'Jizeezeze','Indonesia'),
(86,'JM','Philippines'),
(87,'JOOOOO','Indonesia'),
(88,'Just Garrr','Indonesia'),
(89,'K Dot','Indonesia'),
(90,'Kabuki','Indonesia'),
(91,'Kairi','Philippines'),
(92,'Karss','Indonesia'),
(93,'Kayn','Philippines'),
(94,'Kelra','Philippines'),
(95,'KennzyySkie','Indonesia'),
(96,'KESUUU','Indonesia'),
(97,'Keyz','Indonesia'),
(98,'Khezcute','Indonesia'),
(99,'Kiboy','Indonesia'),
(100,'Kimura','Indonesia'),
(101,'KurooKy','Indonesia'),
(102,'Kyou','Indonesia'),
(103,'Kyy','Indonesia'),
(104,'Kyzenn','Indonesia'),
(105,'Lanaya','Indonesia'),
(106,'Lemon','Indonesia'),
(107,'Leomurphy','Indonesia'),
(108,'Light','Philippines'),
(109,'Luke','Indonesia'),
(110,'Lutpiii','Indonesia'),
(111,'Lyoni','Indonesia'),
(112,'MarceL','Indonesia'),
(113,'Markk','Indonesia'),
(114,'Markyyyyy','Philippines'),
(115,'Marsha','Indonesia'),
(116,'Mas4Ko','Indonesia'),
(117,'Matt','Indonesia'),
(118,'Maybeee','Indonesia'),
(119,'Maykids','Indonesia'),
(120,'Moai','Indonesia'),
(121,'Moreno','Indonesia'),
(122,'Muezzaa','Indonesia'),
(123,'Munsters','Indonesia'),
(124,'MxMoore','Indonesia'),
(125,'Nafari','Indonesia'),
(126,'Naomi','Myanmar'),
(127,'Narashi','Indonesia'),
(128,'Natco','Indonesia'),
(129,'Nazara','Indonesia'),
(130,'Nino','Indonesia'),
(131,'NMM','Indonesia'),
(132,'Nnael','Indonesia'),
(133,'Octa','Indonesia'),
(134,'Paddington','Indonesia'),
(135,'Pahlevi','Indonesia'),
(136,'Pai','Indonesia'),
(137,'Panser','Indonesia'),
(138,'Pauuu','Philippines'),
(139,'Pendragon','Indonesia'),
(140,'Pheww','Philippines'),
(141,'Pinnn','Indonesia'),
(142,'QINN','Philippines'),
(143,'Raiden','Indonesia'),
(144,'Raizan','Indonesia'),
(145,'Rasy','Indonesia'),
(146,'Rave','Indonesia'),
(147,'Razeboy','Indonesia'),
(148,'Rekt','Indonesia'),
(149,'Renbuu','Indonesia'),
(150,'Rendyy','Indonesia'),
(151,'Reyy','Indonesia'),
(152,'Rezzz','Indonesia'),
(153,'Right','Philippines'),
(154,'Rinee','Indonesia'),
(155,'Rinz','Indonesia'),
(156,'Ronn','Indonesia'),
(157,'RoundeL','Indonesia'),
(158,'Ryota','Philippines'),
(159,'Ryyo','Indonesia'),
(160,'Ryzaa','Indonesia'),
(161,'S A N Z','Indonesia'),
(162,'SaintDeLucaz','Indonesia'),
(163,'SamoHt','Indonesia'),
(164,'SamueL','Indonesia'),
(165,'Savero','Indonesia'),
(166,'Sayargyi','Myanmar'),
(167,'Saykots','Indonesia'),
(168,'Shacco','Indonesia'),
(169,'Shogun','Indonesia'),
(170,'Skylar','Indonesia'),
(171,'Spencer','Indonesia'),
(172,'Styx','Indonesia'),
(173,'Super Kenn','Indonesia'),
(174,'Super Kurt','Philippines'),
(175,'Super Red','Philippines'),
(176,'Sutsujin','Indonesia'),
(177,'SwayLow','Indonesia'),
(178,'TaxStump','Indonesia'),
(179,'Tazy','Indonesia'),
(180,'Tazz','Indonesia'),
(181,'Theo','Philippines'),
(182,'Theonael','Indonesia'),
(183,'Toyy','Indonesia'),
(184,'Treacky','Indonesia'),
(185,'Udil','Indonesia'),
(186,'UK1R','Philippines'),
(187,'VAN','Indonesia'),
(188,'Vanz','Indonesia'),
(189,'Variety','Indonesia'),
(190,'Vell','Indonesia'),
(191,'Vincentt','Indonesia'),
(192,'Vivy','Indonesia'),
(193,'Vren','Philippines'),
(194,'VYN','Indonesia'),
(195,'Watt','Indonesia'),
(196,'Widy','Indonesia'),
(197,'Wongcoco','Indonesia'),
(198,'Woshipaul','Indonesia'),
(199,'Wuraaaah','Philippines'),
(200,'X Win','Indonesia'),
(201,'Xepher','Indonesia'),
(202,'XINNN','Indonesia'),
(203,'XMagic','Indonesia'),
(204,'Xorizo','Indonesia'),
(205,'Xyve','Indonesia'),
(206,'Yawi','Philippines'),
(207,'Yazukee','Indonesia'),
(208,'Yeb','Philippines'),
(209,'Yehezkiel','Indonesia'),
(210,'YnoT','Philippines'),
(211,'Zeltron','Indonesia'),
(212,'Zeonn','Indonesia'),
(213,'Zetsuna','Indonesia'),
(214,'Zunesh','Indonesia');
/*!40000 ALTER TABLE `dim_person` ENABLE KEYS */;
UNLOCK TABLES;
COMMIT;
SET AUTOCOMMIT=@OLD_AUTOCOMMIT;

--
-- Table structure for table `dim_role`
--

DROP TABLE IF EXISTS `dim_role`;
/*!40101 SET @saved_cs_client     = @@character_set_client */;
/*!40101 SET character_set_client = utf8mb4 */;
CREATE TABLE `dim_role` (
  `role_key` int(10) unsigned NOT NULL AUTO_INCREMENT,
  `role_name` varchar(50) NOT NULL,
  `role_group` varchar(30) NOT NULL,
  `is_main_role` tinyint(1) NOT NULL,
  PRIMARY KEY (`role_key`),
  UNIQUE KEY `uq_dim_role_name` (`role_name`),
  CONSTRAINT `chk_dim_role_group` CHECK (`role_group` in ('Player Role','Staff Role'))
) ENGINE=InnoDB AUTO_INCREMENT=16 DEFAULT CHARSET=utf8mb4 COLLATE=utf8mb4_unicode_ci;
/*!40101 SET character_set_client = @saved_cs_client */;

--
-- Dumping data for table `dim_role`
--

SET @OLD_AUTOCOMMIT=@@AUTOCOMMIT, @@AUTOCOMMIT=0;
LOCK TABLES `dim_role` WRITE;
/*!40000 ALTER TABLE `dim_role` DISABLE KEYS */;
INSERT INTO `dim_role` VALUES
(1,'Analyst','Staff Role',0),
(2,'Assistant Coach','Staff Role',0),
(3,'Coach','Staff Role',0),
(4,'EXP Laner','Player Role',1),
(5,'Flex','Player Role',0),
(6,'Gold Laner','Player Role',1),
(7,'Head Coach','Staff Role',0),
(8,'Jungler','Player Role',1),
(9,'Mid Laner','Player Role',1),
(10,'Roamer','Player Role',1);
/*!40000 ALTER TABLE `dim_role` ENABLE KEYS */;
UNLOCK TABLES;
COMMIT;
SET AUTOCOMMIT=@OLD_AUTOCOMMIT;

--
-- Table structure for table `dim_season`
--

DROP TABLE IF EXISTS `dim_season`;
/*!40101 SET @saved_cs_client     = @@character_set_client */;
/*!40101 SET character_set_client = utf8mb4 */;
CREATE TABLE `dim_season` (
  `season_key` int(10) unsigned NOT NULL AUTO_INCREMENT,
  `season_number` tinyint(3) unsigned NOT NULL,
  `season_name` varchar(100) NOT NULL,
  `start_date` date NOT NULL,
  `end_date` date NOT NULL,
  `prize_pool_usd` decimal(12,2) NOT NULL,
  `location_list` varchar(255) NOT NULL,
  PRIMARY KEY (`season_key`),
  UNIQUE KEY `uq_dim_season_number` (`season_number`),
  CONSTRAINT `chk_dim_season_date_order` CHECK (`start_date` <= `end_date`),
  CONSTRAINT `chk_dim_season_prize_pool` CHECK (`prize_pool_usd` >= 0)
) ENGINE=InnoDB AUTO_INCREMENT=8 DEFAULT CHARSET=utf8mb4 COLLATE=utf8mb4_unicode_ci;
/*!40101 SET character_set_client = @saved_cs_client */;

--
-- Dumping data for table `dim_season`
--

SET @OLD_AUTOCOMMIT=@@AUTOCOMMIT, @@AUTOCOMMIT=0;
LOCK TABLES `dim_season` WRITE;
/*!40000 ALTER TABLE `dim_season` DISABLE KEYS */;
INSERT INTO `dim_season` VALUES
(1,12,'MPL Indonesia Season 12','2023-07-13','2023-10-15',336500.00,'Jakarta'),
(2,13,'MPL Indonesia Season 13','2024-03-08','2024-06-09',298584.49,'Jakarta'),
(3,14,'MPL Indonesia Season 14','2024-08-09','2024-10-27',309650.78,'Bandung, Jakarta'),
(4,15,'MPL Indonesia Season 15','2025-03-07','2025-06-15',298172.31,'Jakarta'),
(5,16,'MPL Indonesia Season 16','2025-08-22','2025-11-02',292110.32,'Jakarta, Tangerang'),
(6,17,'MPL Indonesia Season 17','2026-03-27','2026-06-14',273351.59,'Jakarta');
/*!40000 ALTER TABLE `dim_season` ENABLE KEYS */;
UNLOCK TABLES;
COMMIT;
SET AUTOCOMMIT=@OLD_AUTOCOMMIT;

--
-- Table structure for table `dim_team`
--

DROP TABLE IF EXISTS `dim_team`;
/*!40101 SET @saved_cs_client     = @@character_set_client */;
/*!40101 SET character_set_client = utf8mb4 */;
CREATE TABLE `dim_team` (
  `team_key` int(10) unsigned NOT NULL AUTO_INCREMENT,
  `team_name` varchar(100) NOT NULL,
  PRIMARY KEY (`team_key`),
  UNIQUE KEY `uq_dim_team_name` (`team_name`)
) ENGINE=InnoDB AUTO_INCREMENT=16 DEFAULT CHARSET=utf8mb4 COLLATE=utf8mb4_unicode_ci;
/*!40101 SET character_set_client = @saved_cs_client */;

--
-- Dumping data for table `dim_team`
--

SET @OLD_AUTOCOMMIT=@@AUTOCOMMIT, @@AUTOCOMMIT=0;
LOCK TABLES `dim_team` WRITE;
/*!40000 ALTER TABLE `dim_team` DISABLE KEYS */;
INSERT INTO `dim_team` VALUES
(1,'Alter Ego'),
(2,'Bigetron'),
(3,'Dewa United Esports'),
(4,'EVOS'),
(5,'Geek Fam ID'),
(6,'Natus Vincere'),
(7,'ONIC'),
(9,'Rebellion'),
(8,'RRQ'),
(10,'Team Liquid ID');
/*!40000 ALTER TABLE `dim_team` ENABLE KEYS */;
UNLOCK TABLES;
COMMIT;
SET AUTOCOMMIT=@OLD_AUTOCOMMIT;

--
-- Table structure for table `fact_award`
--

DROP TABLE IF EXISTS `fact_award`;
/*!40101 SET @saved_cs_client     = @@character_set_client */;
/*!40101 SET character_set_client = utf8mb4 */;
CREATE TABLE `fact_award` (
  `award_fact_key` bigint(20) unsigned NOT NULL AUTO_INCREMENT,
  `season_key` int(10) unsigned NOT NULL,
  `team_key` int(10) unsigned NOT NULL,
  `person_key` int(10) unsigned NOT NULL,
  `award_type_key` int(10) unsigned NOT NULL,
  `role_key` int(10) unsigned NOT NULL,
  `award_count` tinyint(3) unsigned NOT NULL DEFAULT 1,
  PRIMARY KEY (`award_fact_key`),
  UNIQUE KEY `uq_fact_award` (`season_key`,`team_key`,`person_key`,`award_type_key`),
  KEY `fk_fact_award_team` (`team_key`),
  KEY `fk_fact_award_person` (`person_key`),
  KEY `fk_fact_award_type` (`award_type_key`),
  KEY `fk_fact_award_role` (`role_key`),
  CONSTRAINT `fk_fact_award_person` FOREIGN KEY (`person_key`) REFERENCES `dim_person` (`person_key`),
  CONSTRAINT `fk_fact_award_role` FOREIGN KEY (`role_key`) REFERENCES `dim_role` (`role_key`),
  CONSTRAINT `fk_fact_award_season` FOREIGN KEY (`season_key`) REFERENCES `dim_season` (`season_key`),
  CONSTRAINT `fk_fact_award_team` FOREIGN KEY (`team_key`) REFERENCES `dim_team` (`team_key`),
  CONSTRAINT `fk_fact_award_type` FOREIGN KEY (`award_type_key`) REFERENCES `dim_award_type` (`award_type_key`),
  CONSTRAINT `chk_fact_award_count` CHECK (`award_count` = 1)
) ENGINE=InnoDB AUTO_INCREMENT=128 DEFAULT CHARSET=utf8mb4 COLLATE=utf8mb4_unicode_ci;
/*!40101 SET character_set_client = @saved_cs_client */;

--
-- Dumping data for table `fact_award`
--

SET @OLD_AUTOCOMMIT=@@AUTOCOMMIT, @@AUTOCOMMIT=0;
LOCK TABLES `fact_award` WRITE;
/*!40000 ALTER TABLE `fact_award` DISABLE KEYS */;
INSERT INTO `fact_award` VALUES
(1,1,7,99,2,10,1),
(2,1,7,33,7,4,1),
(3,1,5,34,7,6,1),
(4,1,7,91,7,8,1),
(5,1,7,99,7,10,1),
(6,1,7,161,7,9,1),
(7,1,5,34,3,6,1),
(8,1,7,91,1,8,1),
(9,1,5,132,4,8,1),
(10,1,5,132,5,8,1),
(11,2,7,91,6,8,1),
(12,2,7,99,6,10,1),
(13,2,7,110,6,4,1),
(14,2,7,161,6,9,1),
(15,2,8,170,6,6,1),
(16,2,7,43,2,6,1),
(17,2,2,57,7,6,1),
(18,2,4,66,7,4,1),
(19,2,7,99,7,10,1),
(20,2,7,161,7,9,1),
(21,2,2,173,7,8,1),
(22,2,2,121,3,9,1),
(23,2,2,57,1,6,1),
(24,2,10,71,5,8,1),
(25,2,7,91,8,8,1),
(26,2,2,103,8,10,1),
(27,2,7,110,8,4,1),
(28,2,2,121,8,9,1),
(29,2,8,170,8,6,1),
(30,3,8,53,6,4,1),
(31,3,8,80,6,10,1),
(32,3,8,155,6,9,1),
(33,3,8,170,6,6,1),
(34,3,8,176,6,8,1),
(35,3,10,196,2,10,1),
(36,3,8,53,7,4,1),
(37,3,10,62,7,8,1),
(38,3,8,80,7,10,1),
(39,3,8,155,7,9,1),
(40,3,8,170,7,6,1),
(41,3,10,209,3,9,1),
(42,3,10,62,1,8,1),
(43,3,10,62,5,8,1),
(44,3,10,3,8,6,1),
(45,3,10,13,8,4,1),
(46,3,8,176,8,8,1),
(47,3,10,196,8,10,1),
(48,3,10,209,8,9,1),
(49,4,8,53,6,4,1),
(50,4,8,80,6,10,1),
(51,4,8,155,6,9,1),
(52,4,8,176,6,8,1),
(53,4,8,183,6,6,1),
(54,4,7,161,2,9,1),
(55,4,8,53,7,4,1),
(56,4,2,57,7,6,1),
(57,4,8,80,7,10,1),
(58,4,7,91,7,8,1),
(59,4,7,161,7,9,1),
(60,4,1,130,3,4,1),
(61,4,8,80,1,10,1),
(62,4,5,119,5,8,1),
(63,4,5,1,8,9,1),
(64,4,5,21,8,10,1),
(65,4,5,119,8,8,1),
(66,4,1,130,8,4,1),
(67,4,8,183,8,6,1),
(68,5,7,91,6,8,1),
(69,5,7,99,6,10,1),
(70,5,7,110,6,4,1),
(71,5,7,161,6,9,1),
(72,5,7,170,6,6,1),
(73,5,7,91,2,8,1),
(74,5,2,57,7,6,1),
(75,5,7,91,7,8,1),
(76,5,7,99,7,10,1),
(77,5,7,161,7,9,1),
(78,5,2,169,7,4,1),
(79,5,3,133,3,9,1),
(80,5,7,161,1,9,1),
(81,5,2,169,5,4,1),
(82,5,1,8,8,10,1),
(83,5,7,110,8,4,1),
(84,5,2,121,8,9,1),
(85,5,2,132,8,8,1),
(86,5,7,170,8,6,1);
/*!40000 ALTER TABLE `fact_award` ENABLE KEYS */;
UNLOCK TABLES;
COMMIT;
SET AUTOCOMMIT=@OLD_AUTOCOMMIT;

--
-- Table structure for table `fact_team_match`
--

DROP TABLE IF EXISTS `fact_team_match`;
/*!40101 SET @saved_cs_client     = @@character_set_client */;
/*!40101 SET character_set_client = utf8mb4 */;
CREATE TABLE `fact_team_match` (
  `team_match_key` bigint(20) unsigned NOT NULL AUTO_INCREMENT,
  `season_key` int(10) unsigned NOT NULL,
  `match_key` int(10) unsigned NOT NULL,
  `team_key` int(10) unsigned NOT NULL,
  `opponent_team_key` int(10) unsigned NOT NULL,
  `score_for` tinyint(3) unsigned NOT NULL,
  `score_against` tinyint(3) unsigned NOT NULL,
  `score_diff` smallint(6) NOT NULL,
  `is_winner` tinyint(1) NOT NULL,
  `match_count` tinyint(3) unsigned NOT NULL DEFAULT 1,
  PRIMARY KEY (`team_match_key`),
  UNIQUE KEY `uq_fact_team_match` (`match_key`,`team_key`),
  KEY `fk_fact_team_match_season` (`season_key`),
  KEY `fk_fact_team_match_team` (`team_key`),
  KEY `fk_fact_team_match_opponent` (`opponent_team_key`),
  CONSTRAINT `fk_fact_team_match_match` FOREIGN KEY (`match_key`) REFERENCES `dim_match` (`match_key`),
  CONSTRAINT `fk_fact_team_match_opponent` FOREIGN KEY (`opponent_team_key`) REFERENCES `dim_team` (`team_key`),
  CONSTRAINT `fk_fact_team_match_season` FOREIGN KEY (`season_key`) REFERENCES `dim_season` (`season_key`),
  CONSTRAINT `fk_fact_team_match_team` FOREIGN KEY (`team_key`) REFERENCES `dim_team` (`team_key`),
  CONSTRAINT `chk_fact_team_match_count` CHECK (`match_count` = 1),
  CONSTRAINT `chk_fact_team_match_not_same_team` CHECK (`team_key` <> `opponent_team_key`)
) ENGINE=InnoDB AUTO_INCREMENT=1024 DEFAULT CHARSET=utf8mb4 COLLATE=utf8mb4_unicode_ci;
/*!40101 SET character_set_client = @saved_cs_client */;

--
-- Dumping data for table `fact_team_match`
--

SET @OLD_AUTOCOMMIT=@@AUTOCOMMIT, @@AUTOCOMMIT=0;
LOCK TABLES `fact_team_match` WRITE;
/*!40000 ALTER TABLE `fact_team_match` DISABLE KEYS */;
INSERT INTO `fact_team_match` VALUES
(1,1,1,10,3,1,2,-1,0,1),
(2,1,1,3,10,2,1,1,1,1),
(3,1,2,9,1,2,1,1,1,1),
(4,1,2,1,9,1,2,-1,0,1),
(5,1,3,2,5,2,1,1,1,1),
(6,1,3,5,2,1,2,-1,0,1),
(7,1,4,10,8,0,2,-2,0,1),
(8,1,4,8,10,2,0,2,1,1),
(9,1,5,1,2,0,2,-2,0,1),
(10,1,5,2,1,2,0,2,1,1),
(11,1,6,3,9,2,1,1,1,1),
(12,1,6,9,3,1,2,-1,0,1),
(13,1,7,8,7,2,1,1,1,1),
(14,1,7,7,8,1,2,-1,0,1),
(15,1,8,5,7,0,2,-2,0,1),
(16,1,8,7,5,2,0,2,1,1),
(17,1,9,9,8,0,2,-2,0,1),
(18,1,9,8,9,2,0,2,1,1),
(19,1,10,2,3,2,0,2,1,1),
(20,1,10,3,2,0,2,-2,0,1),
(21,1,11,7,1,2,0,2,1,1),
(22,1,11,1,7,0,2,-2,0,1),
(23,1,12,4,5,2,1,1,1,1),
(24,1,12,5,4,1,2,-1,0,1),
(25,1,13,3,7,0,2,-2,0,1),
(26,1,13,7,3,2,0,2,1,1),
(27,1,14,10,9,0,2,-2,0,1),
(28,1,14,9,10,2,0,2,1,1),
(29,1,15,5,1,2,0,2,1,1),
(30,1,15,1,5,0,2,-2,0,1),
(31,1,16,4,8,1,2,-1,0,1),
(32,1,16,8,4,2,1,1,1,1),
(33,1,17,1,4,0,2,-2,0,1),
(34,1,17,4,1,2,0,2,1,1),
(35,1,18,8,2,2,0,2,1,1),
(36,1,18,2,8,0,2,-2,0,1),
(37,1,19,2,10,0,2,-2,0,1),
(38,1,19,10,2,2,0,2,1,1),
(39,1,20,4,3,2,0,2,1,1),
(40,1,20,3,4,0,2,-2,0,1),
(41,1,21,3,5,2,0,2,1,1),
(42,1,21,5,3,0,2,-2,0,1),
(43,1,22,10,7,2,0,2,1,1),
(44,1,22,7,10,0,2,-2,0,1),
(45,1,23,9,2,0,2,-2,0,1),
(46,1,23,2,9,2,0,2,1,1),
(47,1,24,5,8,2,1,1,1,1),
(48,1,24,8,5,1,2,-1,0,1),
(49,1,25,7,4,2,0,2,1,1),
(50,1,25,4,7,0,2,-2,0,1),
(51,1,26,7,9,2,1,1,1,1),
(52,1,26,9,7,1,2,-1,0,1),
(53,1,27,4,10,2,1,1,1,1),
(54,1,27,10,4,1,2,-1,0,1),
(55,1,28,1,3,2,0,2,1,1),
(56,1,28,3,1,0,2,-2,0,1),
(57,1,29,10,5,2,0,2,1,1),
(58,1,29,5,10,0,2,-2,0,1),
(59,1,30,9,4,2,0,2,1,1),
(60,1,30,4,9,0,2,-2,0,1),
(61,1,31,2,7,0,2,-2,0,1),
(62,1,31,7,2,2,0,2,1,1),
(63,1,32,4,2,1,2,-1,0,1),
(64,1,32,2,4,2,1,1,1,1),
(65,1,33,5,9,2,0,2,1,1),
(66,1,33,9,5,0,2,-2,0,1),
(67,1,34,8,1,0,2,-2,0,1),
(68,1,34,1,8,2,0,2,1,1),
(69,1,35,1,10,2,0,2,1,1),
(70,1,35,10,1,0,2,-2,0,1),
(71,1,36,3,8,0,2,-2,0,1),
(72,1,36,8,3,2,0,2,1,1),
(73,1,37,3,10,0,2,-2,0,1),
(74,1,37,10,3,2,0,2,1,1),
(75,1,38,1,9,1,2,-1,0,1),
(76,1,38,9,1,2,1,1,1,1),
(77,1,39,5,2,2,0,2,1,1),
(78,1,39,2,5,0,2,-2,0,1),
(79,1,40,1,8,1,2,-1,0,1),
(80,1,40,8,1,2,1,1,1,1),
(81,1,41,7,5,0,2,-2,0,1),
(82,1,41,5,7,2,0,2,1,1),
(83,1,42,2,1,1,2,-1,0,1),
(84,1,42,1,2,2,1,1,1,1),
(85,1,43,8,10,2,1,1,1,1),
(86,1,43,10,8,1,2,-1,0,1),
(87,1,44,9,3,0,2,-2,0,1),
(88,1,44,3,9,2,0,2,1,1),
(89,1,45,1,7,0,2,-2,0,1),
(90,1,45,7,1,2,0,2,1,1),
(91,1,46,8,9,1,2,-1,0,1),
(92,1,46,9,8,2,1,1,1,1),
(93,1,47,3,2,2,1,1,1,1),
(94,1,47,2,3,1,2,-1,0,1),
(95,1,48,5,4,2,0,2,1,1),
(96,1,48,4,5,0,2,-2,0,1),
(97,1,49,7,3,2,1,1,1,1),
(98,1,49,3,7,1,2,-1,0,1),
(99,1,50,4,1,1,2,-1,0,1),
(100,1,50,1,4,2,1,1,1,1),
(101,1,51,9,10,2,0,2,1,1),
(102,1,51,10,9,0,2,-2,0,1),
(103,1,52,7,8,2,0,2,1,1),
(104,1,52,8,7,0,2,-2,0,1),
(105,1,53,2,8,1,2,-1,0,1),
(106,1,53,8,2,2,1,1,1,1),
(107,1,54,3,4,2,1,1,1,1),
(108,1,54,4,3,1,2,-1,0,1),
(109,1,55,10,2,0,2,-2,0,1),
(110,1,55,2,10,2,0,2,1,1),
(111,1,56,1,5,1,2,-1,0,1),
(112,1,56,5,1,2,1,1,1,1),
(113,1,57,5,3,0,2,-2,0,1),
(114,1,57,3,5,2,0,2,1,1),
(115,1,58,7,10,2,0,2,1,1),
(116,1,58,10,7,0,2,-2,0,1),
(117,1,59,2,9,0,2,-2,0,1),
(118,1,59,9,2,2,0,2,1,1),
(119,1,60,3,1,1,2,-1,0,1),
(120,1,60,1,3,2,1,1,1,1),
(121,1,61,8,4,2,0,2,1,1),
(122,1,61,4,8,0,2,-2,0,1),
(123,1,62,9,7,0,2,-2,0,1),
(124,1,62,7,9,2,0,2,1,1),
(125,1,63,10,4,0,2,-2,0,1),
(126,1,63,4,10,2,0,2,1,1),
(127,1,64,8,5,0,2,-2,0,1),
(128,1,64,5,8,2,0,2,1,1),
(129,1,65,4,9,2,0,2,1,1),
(130,1,65,9,4,0,2,-2,0,1),
(131,1,66,5,10,2,1,1,1,1),
(132,1,66,10,5,1,2,-1,0,1),
(133,1,67,7,2,2,0,2,1,1),
(134,1,67,2,7,0,2,-2,0,1),
(135,1,68,9,5,1,2,-1,0,1),
(136,1,68,5,9,2,1,1,1,1),
(137,1,69,10,1,2,1,1,1,1),
(138,1,69,1,10,1,2,-1,0,1),
(139,1,70,4,7,1,2,-1,0,1),
(140,1,70,7,4,2,1,1,1,1),
(141,1,71,2,4,2,0,2,1,1),
(142,1,71,4,2,0,2,-2,0,1),
(143,1,72,8,3,2,1,1,1,1),
(144,1,72,3,8,1,2,-1,0,1),
(145,1,73,5,3,3,1,2,1,1),
(146,1,73,3,5,1,3,-2,0,1),
(147,1,74,2,9,3,0,3,1,1),
(148,1,74,9,2,0,3,-3,0,1),
(149,1,75,8,5,2,3,-1,0,1),
(150,1,75,5,8,3,2,1,1,1),
(151,1,76,7,2,3,2,1,1,1),
(152,1,76,2,7,2,3,-1,0,1),
(153,1,77,8,2,0,3,-3,0,1),
(154,1,77,2,8,3,0,3,1,1),
(155,1,78,5,7,2,3,-1,0,1),
(156,1,78,7,5,3,2,1,1,1),
(157,1,79,5,2,3,2,1,1,1),
(158,1,79,2,5,2,3,-1,0,1),
(159,1,80,7,5,4,2,2,1,1),
(160,1,80,5,7,2,4,-2,0,1),
(161,2,81,1,4,2,0,2,1,1),
(162,2,81,4,1,0,2,-2,0,1),
(163,2,82,3,9,2,0,2,1,1),
(164,2,82,9,3,0,2,-2,0,1),
(165,2,83,5,2,0,2,-2,0,1),
(166,2,83,2,5,2,0,2,1,1),
(167,2,84,9,1,1,2,-1,0,1),
(168,2,84,1,9,2,1,1,1,1),
(169,2,85,10,3,0,2,-2,0,1),
(170,2,85,3,10,2,0,2,1,1),
(171,2,86,7,5,2,0,2,1,1),
(172,2,86,5,7,0,2,-2,0,1),
(173,2,87,8,10,2,1,1,1,1),
(174,2,87,10,8,1,2,-1,0,1),
(175,2,88,2,4,2,0,2,1,1),
(176,2,88,4,2,0,2,-2,0,1),
(177,2,89,9,8,2,0,2,1,1),
(178,2,89,8,9,0,2,-2,0,1),
(179,2,90,4,10,0,2,-2,0,1),
(180,2,90,10,4,2,0,2,1,1),
(181,2,91,2,1,1,2,-1,0,1),
(182,2,91,1,2,2,1,1,1,1),
(183,2,92,8,7,0,2,-2,0,1),
(184,2,92,7,8,2,0,2,1,1),
(185,2,93,4,5,1,2,-1,0,1),
(186,2,93,5,4,2,1,1,1,1),
(187,2,94,1,7,1,2,-1,0,1),
(188,2,94,7,1,2,1,1,1,1),
(189,2,95,3,2,0,2,-2,0,1),
(190,2,95,2,3,2,0,2,1,1),
(191,2,96,10,9,2,0,2,1,1),
(192,2,96,9,10,0,2,-2,0,1),
(193,2,97,7,10,1,2,-1,0,1),
(194,2,97,10,7,2,1,1,1,1),
(195,2,98,4,3,2,1,1,1,1),
(196,2,98,3,4,1,2,-1,0,1),
(197,2,99,10,2,1,2,-1,0,1),
(198,2,99,2,10,2,1,1,1,1),
(199,2,100,8,4,2,1,1,1,1),
(200,2,100,4,8,1,2,-1,0,1),
(201,2,101,5,1,2,1,1,1,1),
(202,2,101,1,5,1,2,-1,0,1),
(203,2,102,9,7,2,1,1,1,1),
(204,2,102,7,9,1,2,-1,0,1),
(205,2,103,2,8,2,1,1,1,1),
(206,2,103,8,2,1,2,-1,0,1),
(207,2,104,3,5,1,2,-1,0,1),
(208,2,104,5,3,2,1,1,1,1),
(209,2,105,7,3,1,2,-1,0,1),
(210,2,105,3,7,2,1,1,1,1),
(211,2,106,2,9,2,0,2,1,1),
(212,2,106,9,2,0,2,-2,0,1),
(213,2,107,10,5,2,0,2,1,1),
(214,2,107,5,10,0,2,-2,0,1),
(215,2,108,7,2,2,0,2,1,1),
(216,2,108,2,7,0,2,-2,0,1),
(217,2,109,8,1,2,0,2,1,1),
(218,2,109,1,8,0,2,-2,0,1),
(219,2,110,9,4,1,2,-1,0,1),
(220,2,110,4,9,2,1,1,1,1),
(221,2,111,5,8,2,1,1,1,1),
(222,2,111,8,5,1,2,-1,0,1),
(223,2,112,1,3,2,0,2,1,1),
(224,2,112,3,1,0,2,-2,0,1),
(225,2,113,5,9,1,2,-1,0,1),
(226,2,113,9,5,2,1,1,1,1),
(227,2,114,4,7,2,0,2,1,1),
(228,2,114,7,4,0,2,-2,0,1),
(229,2,115,3,8,2,1,1,1,1),
(230,2,115,8,3,1,2,-1,0,1),
(231,2,116,1,10,1,2,-1,0,1),
(232,2,116,10,1,2,1,1,1,1),
(233,2,117,4,2,2,1,1,1,1),
(234,2,117,2,4,1,2,-1,0,1),
(235,2,118,1,9,1,2,-1,0,1),
(236,2,118,9,1,2,1,1,1,1),
(237,2,119,5,7,1,2,-1,0,1),
(238,2,119,7,5,2,1,1,1,1),
(239,2,120,3,10,0,2,-2,0,1),
(240,2,120,10,3,2,0,2,1,1),
(241,2,121,2,5,2,0,2,1,1),
(242,2,121,5,2,0,2,-2,0,1),
(243,2,122,10,8,1,2,-1,0,1),
(244,2,122,8,10,2,1,1,1,1),
(245,2,123,5,4,2,1,1,1,1),
(246,2,123,4,5,1,2,-1,0,1),
(247,2,124,9,3,2,1,1,1,1),
(248,2,124,3,9,1,2,-1,0,1),
(249,2,125,7,1,2,1,1,1,1),
(250,2,125,1,7,1,2,-1,0,1),
(251,2,126,3,7,1,2,-1,0,1),
(252,2,126,7,3,2,1,1,1,1),
(253,2,127,1,2,0,2,-2,0,1),
(254,2,127,2,1,2,0,2,1,1),
(255,2,128,8,9,2,0,2,1,1),
(256,2,128,9,8,0,2,-2,0,1),
(257,2,129,9,10,2,0,2,1,1),
(258,2,129,10,9,0,2,-2,0,1),
(259,2,130,2,3,2,0,2,1,1),
(260,2,130,3,2,0,2,-2,0,1),
(261,2,131,10,7,1,2,-1,0,1),
(262,2,131,7,10,2,1,1,1,1),
(263,2,132,4,1,2,1,1,1,1),
(264,2,132,1,4,1,2,-1,0,1),
(265,2,133,8,2,0,2,-2,0,1),
(266,2,133,2,8,2,0,2,1,1),
(267,2,134,3,4,1,2,-1,0,1),
(268,2,134,4,3,2,1,1,1,1),
(269,2,135,1,5,0,2,-2,0,1),
(270,2,135,5,1,2,0,2,1,1),
(271,2,136,7,8,2,0,2,1,1),
(272,2,136,8,7,0,2,-2,0,1),
(273,2,137,5,3,2,1,1,1,1),
(274,2,137,3,5,1,2,-1,0,1),
(275,2,138,2,10,2,0,2,1,1),
(276,2,138,10,2,0,2,-2,0,1),
(277,2,139,3,1,0,2,-2,0,1),
(278,2,139,1,3,2,0,2,1,1),
(279,2,140,4,8,2,1,1,1,1),
(280,2,140,8,4,1,2,-1,0,1),
(281,2,141,7,9,2,0,2,1,1),
(282,2,141,9,7,0,2,-2,0,1),
(283,2,142,8,5,0,2,-2,0,1),
(284,2,142,5,8,2,0,2,1,1),
(285,2,143,9,2,1,2,-1,0,1),
(286,2,143,2,9,2,1,1,1,1),
(287,2,144,10,4,2,0,2,1,1),
(288,2,144,4,10,0,2,-2,0,1),
(289,2,145,5,10,2,1,1,1,1),
(290,2,145,10,5,1,2,-1,0,1),
(291,2,146,8,3,2,0,2,1,1),
(292,2,146,3,8,0,2,-2,0,1),
(293,2,147,4,9,2,1,1,1,1),
(294,2,147,9,4,1,2,-1,0,1),
(295,2,148,1,8,1,2,-1,0,1),
(296,2,148,8,1,2,1,1,1,1),
(297,2,149,2,7,2,0,2,1,1),
(298,2,149,7,2,0,2,-2,0,1),
(299,2,150,10,1,2,0,2,1,1),
(300,2,150,1,10,0,2,-2,0,1),
(301,2,151,7,4,2,1,1,1,1),
(302,2,151,4,7,1,2,-1,0,1),
(303,2,152,9,5,1,2,-1,0,1),
(304,2,152,5,9,2,1,1,1,1),
(305,2,153,5,8,3,2,1,1,1),
(306,2,153,8,5,2,3,-1,0,1),
(307,2,154,10,4,0,3,-3,0,1),
(308,2,154,4,10,3,0,3,1,1),
(309,2,155,7,5,3,2,1,1,1),
(310,2,155,5,7,2,3,-1,0,1),
(311,2,156,2,4,1,3,-2,0,1),
(312,2,156,4,2,3,1,2,1,1),
(313,2,157,5,2,3,0,3,1,1),
(314,2,157,2,5,0,3,-3,0,1),
(315,2,158,7,4,3,0,3,1,1),
(316,2,158,4,7,0,3,-3,0,1),
(317,2,159,4,5,3,2,1,1,1),
(318,2,159,5,4,2,3,-1,0,1),
(319,2,160,7,4,4,2,2,1,1),
(320,2,160,4,7,2,4,-2,0,1),
(321,3,161,7,10,2,0,2,1,1),
(322,3,161,10,7,0,2,-2,0,1),
(323,3,162,4,3,1,2,-1,0,1),
(324,3,162,3,4,2,1,1,1,1),
(325,3,163,10,2,0,2,-2,0,1),
(326,3,163,2,10,2,0,2,1,1),
(327,3,164,8,4,2,0,2,1,1),
(328,3,164,4,8,0,2,-2,0,1),
(329,3,165,5,1,1,2,-1,0,1),
(330,3,165,1,5,2,1,1,1,1),
(331,3,166,9,7,1,2,-1,0,1),
(332,3,166,7,9,2,1,1,1,1),
(333,3,167,2,8,2,1,1,1,1),
(334,3,167,8,2,1,2,-1,0,1),
(335,3,168,3,5,2,0,2,1,1),
(336,3,168,5,3,0,2,-2,0,1),
(337,3,169,9,8,0,2,-2,0,1),
(338,3,169,8,9,2,0,2,1,1),
(339,3,170,4,10,1,2,-1,0,1),
(340,3,170,10,4,2,1,1,1,1),
(341,3,171,2,1,2,0,2,1,1),
(342,3,171,1,2,0,2,-2,0,1),
(343,3,172,8,7,2,0,2,1,1),
(344,3,172,7,8,0,2,-2,0,1),
(345,3,173,4,5,1,2,-1,0,1),
(346,3,173,5,4,2,1,1,1,1),
(347,3,174,3,2,0,2,-2,0,1),
(348,3,174,2,3,2,0,2,1,1),
(349,3,175,1,7,0,2,-2,0,1),
(350,3,175,7,1,2,0,2,1,1),
(351,3,176,10,9,2,0,2,1,1),
(352,3,176,9,10,0,2,-2,0,1),
(353,3,177,7,5,1,2,-1,0,1),
(354,3,177,5,7,2,1,1,1,1),
(355,3,178,3,9,2,0,2,1,1),
(356,3,178,9,3,0,2,-2,0,1),
(357,3,179,5,2,2,1,1,1,1),
(358,3,179,2,5,1,2,-1,0,1),
(359,3,180,1,4,1,2,-1,0,1),
(360,3,180,4,1,2,1,1,1,1),
(361,3,181,10,3,2,0,2,1,1),
(362,3,181,3,10,0,2,-2,0,1),
(363,3,182,9,1,1,2,-1,0,1),
(364,3,182,1,9,2,1,1,1,1),
(365,3,183,8,10,2,0,2,1,1),
(366,3,183,10,8,0,2,-2,0,1),
(367,3,184,2,4,2,1,1,1,1),
(368,3,184,4,2,1,2,-1,0,1),
(369,3,185,7,3,2,1,1,1,1),
(370,3,185,3,7,1,2,-1,0,1),
(371,3,186,2,9,2,1,1,1,1),
(372,3,186,9,2,1,2,-1,0,1),
(373,3,187,10,5,2,1,1,1,1),
(374,3,187,5,10,1,2,-1,0,1),
(375,3,188,7,2,2,1,1,1,1),
(376,3,188,2,7,1,2,-1,0,1),
(377,3,189,8,1,2,1,1,1,1),
(378,3,189,1,8,1,2,-1,0,1),
(379,3,190,9,4,2,0,2,1,1),
(380,3,190,4,9,0,2,-2,0,1),
(381,3,191,5,8,1,2,-1,0,1),
(382,3,191,8,5,2,1,1,1,1),
(383,3,192,1,3,2,0,2,1,1),
(384,3,192,3,1,0,2,-2,0,1),
(385,3,193,5,9,2,0,2,1,1),
(386,3,193,9,5,0,2,-2,0,1),
(387,3,194,4,7,0,2,-2,0,1),
(388,3,194,7,4,2,0,2,1,1),
(389,3,195,3,8,1,2,-1,0,1),
(390,3,195,8,3,2,1,1,1,1),
(391,3,196,1,10,0,2,-2,0,1),
(392,3,196,10,1,2,0,2,1,1),
(393,3,197,4,2,0,2,-2,0,1),
(394,3,197,2,4,2,0,2,1,1),
(395,3,198,1,9,2,0,2,1,1),
(396,3,198,9,1,0,2,-2,0,1),
(397,3,199,5,7,2,0,2,1,1),
(398,3,199,7,5,0,2,-2,0,1),
(399,3,200,3,10,1,2,-1,0,1),
(400,3,200,10,3,2,1,1,1,1),
(401,3,201,2,3,2,1,1,1,1),
(402,3,201,3,2,1,2,-1,0,1),
(403,3,202,9,10,1,2,-1,0,1),
(404,3,202,10,9,2,1,1,1,1),
(405,3,203,3,4,2,0,2,1,1),
(406,3,203,4,3,0,2,-2,0,1),
(407,3,204,1,5,1,2,-1,0,1),
(408,3,204,5,1,2,1,1,1,1),
(409,3,205,7,8,0,2,-2,0,1),
(410,3,205,8,7,2,0,2,1,1),
(411,3,206,4,1,0,2,-2,0,1),
(412,3,206,1,4,2,0,2,1,1),
(413,3,207,10,7,2,0,2,1,1),
(414,3,207,7,10,0,2,-2,0,1),
(415,3,208,8,2,2,1,1,1,1),
(416,3,208,2,8,1,2,-1,0,1),
(417,3,209,5,3,2,0,2,1,1),
(418,3,209,3,5,0,2,-2,0,1),
(419,3,210,2,10,0,2,-2,0,1),
(420,3,210,10,2,2,0,2,1,1),
(421,3,211,3,1,2,0,2,1,1),
(422,3,211,1,3,0,2,-2,0,1),
(423,3,212,4,8,2,1,1,1,1),
(424,3,212,8,4,1,2,-1,0,1),
(425,3,213,7,9,0,2,-2,0,1),
(426,3,213,9,7,2,0,2,1,1),
(427,3,214,8,5,2,0,2,1,1),
(428,3,214,5,8,0,2,-2,0,1),
(429,3,215,9,2,0,2,-2,0,1),
(430,3,215,2,9,2,0,2,1,1),
(431,3,216,10,4,2,1,1,1,1),
(432,3,216,4,10,1,2,-1,0,1),
(433,3,217,5,10,0,2,-2,0,1),
(434,3,217,10,5,2,0,2,1,1),
(435,3,218,8,3,2,0,2,1,1),
(436,3,218,3,8,0,2,-2,0,1),
(437,3,219,4,9,2,1,1,1,1),
(438,3,219,9,4,1,2,-1,0,1),
(439,3,220,1,8,2,0,2,1,1),
(440,3,220,8,1,0,2,-2,0,1),
(441,3,221,2,7,1,2,-1,0,1),
(442,3,221,7,2,2,1,1,1,1),
(443,3,222,10,1,2,1,1,1,1),
(444,3,222,1,10,1,2,-1,0,1),
(445,3,223,7,4,2,0,2,1,1),
(446,3,223,4,7,0,2,-2,0,1),
(447,3,224,9,5,1,2,-1,0,1),
(448,3,224,5,9,2,1,1,1,1),
(449,3,225,2,5,2,0,2,1,1),
(450,3,225,5,2,0,2,-2,0,1),
(451,3,226,9,3,2,1,1,1,1),
(452,3,226,3,9,1,2,-1,0,1),
(453,3,227,5,4,2,1,1,1,1),
(454,3,227,4,5,1,2,-1,0,1),
(455,3,228,10,8,1,2,-1,0,1),
(456,3,228,8,10,2,1,1,1,1),
(457,3,229,7,1,2,0,2,1,1),
(458,3,229,1,7,0,2,-2,0,1),
(459,3,230,3,7,1,2,-1,0,1),
(460,3,230,7,3,2,1,1,1,1),
(461,3,231,1,2,0,2,-2,0,1),
(462,3,231,2,1,2,0,2,1,1),
(463,3,232,8,9,2,0,2,1,1),
(464,3,232,9,8,0,2,-2,0,1),
(465,3,233,2,1,3,0,3,1,1),
(466,3,233,1,2,0,3,-3,0,1),
(467,3,234,7,5,2,3,-1,0,1),
(468,3,234,5,7,3,2,1,1,1),
(469,3,235,10,2,3,2,1,1,1),
(470,3,235,2,10,2,3,-1,0,1),
(471,3,236,8,5,3,1,2,1,1),
(472,3,236,5,8,1,3,-2,0,1),
(473,3,237,2,5,3,0,3,1,1),
(474,3,237,5,2,0,3,-3,0,1),
(475,3,238,10,8,2,3,-1,0,1),
(476,3,238,8,10,3,2,1,1,1),
(477,3,239,10,2,3,0,3,1,1),
(478,3,239,2,10,0,3,-3,0,1),
(479,3,240,8,10,3,4,-1,0,1),
(480,3,240,10,8,4,3,1,1,1),
(481,4,241,6,8,0,2,-2,0,1),
(482,4,241,8,6,2,0,2,1,1),
(483,4,242,4,10,2,1,1,1,1),
(484,4,242,10,4,1,2,-1,0,1),
(485,4,243,4,5,2,0,2,1,1),
(486,4,243,5,4,0,2,-2,0,1),
(487,4,244,2,1,2,0,2,1,1),
(488,4,244,1,2,0,2,-2,0,1),
(489,4,245,8,7,2,0,2,1,1),
(490,4,245,7,8,0,2,-2,0,1),
(491,4,246,3,2,2,1,1,1,1),
(492,4,246,2,3,1,2,-1,0,1),
(493,4,247,1,7,2,1,1,1,1),
(494,4,247,7,1,1,2,-1,0,1),
(495,4,248,10,6,2,1,1,1,1),
(496,4,248,6,10,1,2,-1,0,1),
(497,4,249,7,5,1,2,-1,0,1),
(498,4,249,5,7,2,1,1,1,1),
(499,4,250,3,6,2,0,2,1,1),
(500,4,250,6,3,0,2,-2,0,1),
(501,4,251,6,1,1,2,-1,0,1),
(502,4,251,1,6,2,1,1,1,1),
(503,4,252,8,10,2,0,2,1,1),
(504,4,252,10,8,0,2,-2,0,1),
(505,4,253,2,4,1,2,-1,0,1),
(506,4,253,4,2,2,1,1,1,1),
(507,4,254,5,2,0,2,-2,0,1),
(508,4,254,2,5,2,0,2,1,1),
(509,4,255,1,4,2,0,2,1,1),
(510,4,255,4,1,0,2,-2,0,1),
(511,4,256,10,3,2,0,2,1,1),
(512,4,256,3,10,0,2,-2,0,1),
(513,4,257,7,3,2,1,1,1,1),
(514,4,257,3,7,1,2,-1,0,1),
(515,4,258,6,4,0,2,-2,0,1),
(516,4,258,4,6,2,0,2,1,1),
(517,4,259,10,5,1,2,-1,0,1),
(518,4,259,5,10,2,1,1,1,1),
(519,4,260,7,2,2,0,2,1,1),
(520,4,260,2,7,0,2,-2,0,1),
(521,4,261,8,1,2,1,1,1,1),
(522,4,261,1,8,1,2,-1,0,1),
(523,4,262,2,6,2,1,1,1,1),
(524,4,262,6,2,1,2,-1,0,1),
(525,4,263,5,8,1,2,-1,0,1),
(526,4,263,8,5,2,1,1,1,1),
(527,4,264,1,3,2,1,1,1,1),
(528,4,264,3,1,1,2,-1,0,1),
(529,4,265,6,7,1,2,-1,0,1),
(530,4,265,7,6,2,1,1,1,1),
(531,4,266,4,3,1,2,-1,0,1),
(532,4,266,3,4,2,1,1,1,1),
(533,4,267,10,2,1,2,-1,0,1),
(534,4,267,2,10,2,1,1,1,1),
(535,4,268,8,4,2,1,1,1,1),
(536,4,268,4,8,1,2,-1,0,1),
(537,4,269,5,1,2,1,1,1,1),
(538,4,269,1,5,1,2,-1,0,1),
(539,4,270,7,10,1,2,-1,0,1),
(540,4,270,10,7,2,1,1,1,1),
(541,4,271,2,8,2,0,2,1,1),
(542,4,271,8,2,0,2,-2,0,1),
(543,4,272,3,5,1,2,-1,0,1),
(544,4,272,5,3,2,1,1,1,1),
(545,4,273,5,6,2,0,2,1,1),
(546,4,273,6,5,0,2,-2,0,1),
(547,4,274,4,7,2,0,2,1,1),
(548,4,274,7,4,0,2,-2,0,1),
(549,4,275,3,8,0,2,-2,0,1),
(550,4,275,8,3,2,0,2,1,1),
(551,4,276,1,10,1,2,-1,0,1),
(552,4,276,10,1,2,1,1,1,1),
(553,4,277,4,2,1,2,-1,0,1),
(554,4,277,2,4,2,1,1,1,1),
(555,4,278,1,6,2,1,1,1,1),
(556,4,278,6,1,1,2,-1,0,1),
(557,4,279,5,7,1,2,-1,0,1),
(558,4,279,7,5,2,1,1,1,1),
(559,4,280,3,10,1,2,-1,0,1),
(560,4,280,10,3,2,1,1,1,1),
(561,4,281,6,3,0,2,-2,0,1),
(562,4,281,3,6,2,0,2,1,1),
(563,4,282,1,5,0,2,-2,0,1),
(564,4,282,5,1,2,0,2,1,1),
(565,4,283,4,1,0,2,-2,0,1),
(566,4,283,1,4,2,0,2,1,1),
(567,4,284,10,7,0,2,-2,0,1),
(568,4,284,7,10,2,0,2,1,1),
(569,4,285,8,2,2,1,1,1,1),
(570,4,285,2,8,1,2,-1,0,1),
(571,4,286,6,10,0,2,-2,0,1),
(572,4,286,10,6,2,0,2,1,1),
(573,4,287,7,8,2,1,1,1,1),
(574,4,287,8,7,1,2,-1,0,1),
(575,4,288,5,4,2,1,1,1,1),
(576,4,288,4,5,1,2,-1,0,1),
(577,4,289,5,3,2,0,2,1,1),
(578,4,289,3,5,0,2,-2,0,1),
(579,4,290,2,10,1,2,-1,0,1),
(580,4,290,10,2,2,1,1,1,1),
(581,4,291,3,1,0,2,-2,0,1),
(582,4,291,1,3,2,0,2,1,1),
(583,4,292,4,8,0,2,-2,0,1),
(584,4,292,8,4,2,0,2,1,1),
(585,4,293,7,6,2,0,2,1,1),
(586,4,293,6,7,0,2,-2,0,1),
(587,4,294,8,5,2,1,1,1,1),
(588,4,294,5,8,1,2,-1,0,1),
(589,4,295,6,2,0,2,-2,0,1),
(590,4,295,2,6,2,0,2,1,1),
(591,4,296,10,4,2,1,1,1,1),
(592,4,296,4,10,1,2,-1,0,1),
(593,4,297,10,1,0,2,-2,0,1),
(594,4,297,1,10,2,0,2,1,1),
(595,4,298,2,3,2,0,2,1,1),
(596,4,298,3,2,0,2,-2,0,1),
(597,4,299,5,10,2,1,1,1,1),
(598,4,299,10,5,1,2,-1,0,1),
(599,4,300,1,8,1,2,-1,0,1),
(600,4,300,8,1,2,1,1,1,1),
(601,4,301,2,7,2,1,1,1,1),
(602,4,301,7,2,1,2,-1,0,1),
(603,4,302,8,3,0,2,-2,0,1),
(604,4,302,3,8,2,0,2,1,1),
(605,4,303,7,4,2,0,2,1,1),
(606,4,303,4,7,0,2,-2,0,1),
(607,4,304,6,5,0,2,-2,0,1),
(608,4,304,5,6,2,0,2,1,1),
(609,4,305,2,5,1,2,-1,0,1),
(610,4,305,5,2,2,1,1,1,1),
(611,4,306,3,7,1,2,-1,0,1),
(612,4,306,7,3,2,1,1,1,1),
(613,4,307,4,6,2,1,1,1,1),
(614,4,307,6,4,1,2,-1,0,1),
(615,4,308,10,8,2,0,2,1,1),
(616,4,308,8,10,0,2,-2,0,1),
(617,4,309,7,1,2,0,2,1,1),
(618,4,309,1,7,0,2,-2,0,1),
(619,4,310,3,4,0,2,-2,0,1),
(620,4,310,4,3,2,0,2,1,1),
(621,4,311,1,2,2,0,2,1,1),
(622,4,311,2,1,0,2,-2,0,1),
(623,4,312,8,6,2,0,2,1,1),
(624,4,312,6,8,0,2,-2,0,1),
(625,4,313,7,10,3,1,2,1,1),
(626,4,313,10,7,1,3,-2,0,1),
(627,4,314,2,1,2,3,-1,0,1),
(628,4,314,1,2,3,2,1,1,1),
(629,4,315,5,7,1,3,-2,0,1),
(630,4,315,7,5,3,1,2,1,1),
(631,4,316,8,1,3,1,2,1,1),
(632,4,316,1,8,1,3,-2,0,1),
(633,4,317,5,1,3,0,3,1,1),
(634,4,317,1,5,0,3,-3,0,1),
(635,4,318,7,8,3,1,2,1,1),
(636,4,318,8,7,1,3,-2,0,1),
(637,4,319,8,5,4,1,3,1,1),
(638,4,319,5,8,1,4,-3,0,1),
(639,4,320,7,8,4,3,1,1,1),
(640,4,320,8,7,3,4,-1,0,1),
(641,5,321,7,3,2,0,2,1,1),
(642,5,321,3,7,0,2,-2,0,1),
(643,5,322,6,4,0,2,-2,0,1),
(644,5,322,4,6,2,0,2,1,1),
(645,5,323,10,5,1,2,-1,0,1),
(646,5,323,5,10,2,1,1,1,1),
(647,5,324,7,2,2,0,2,1,1),
(648,5,324,2,7,0,2,-2,0,1),
(649,5,325,8,1,2,1,1,1,1),
(650,5,325,1,8,1,2,-1,0,1),
(651,5,326,2,6,1,2,-1,0,1),
(652,5,326,6,2,2,1,1,1,1),
(653,5,327,5,8,2,0,2,1,1),
(654,5,327,8,5,0,2,-2,0,1),
(655,5,328,1,3,2,0,2,1,1),
(656,5,328,3,1,0,2,-2,0,1),
(657,5,329,7,5,2,0,2,1,1),
(658,5,329,5,7,0,2,-2,0,1),
(659,5,330,3,6,2,0,2,1,1),
(660,5,330,6,3,0,2,-2,0,1),
(661,5,331,5,2,0,2,-2,0,1),
(662,5,331,2,5,2,0,2,1,1),
(663,5,332,1,4,2,1,1,1,1),
(664,5,332,4,1,1,2,-1,0,1),
(665,5,333,10,3,1,2,-1,0,1),
(666,5,333,3,10,2,1,1,1,1),
(667,5,334,6,1,2,0,2,1,1),
(668,5,334,1,6,0,2,-2,0,1),
(669,5,335,8,10,2,0,2,1,1),
(670,5,335,10,8,0,2,-2,0,1),
(671,5,336,2,4,2,1,1,1,1),
(672,5,336,4,2,1,2,-1,0,1),
(673,5,337,6,8,0,2,-2,0,1),
(674,5,337,8,6,2,0,2,1,1),
(675,5,338,4,10,2,0,2,1,1),
(676,5,338,10,4,0,2,-2,0,1),
(677,5,339,4,5,2,0,2,1,1),
(678,5,339,5,4,0,2,-2,0,1),
(679,5,340,2,1,2,1,1,1,1),
(680,5,340,1,2,1,2,-1,0,1),
(681,5,341,8,7,0,2,-2,0,1),
(682,5,341,7,8,2,0,2,1,1),
(683,5,342,3,2,1,2,-1,0,1),
(684,5,342,2,3,2,1,1,1,1),
(685,5,343,1,7,1,2,-1,0,1),
(686,5,343,7,1,2,1,1,1,1),
(687,5,344,10,6,0,2,-2,0,1),
(688,5,344,6,10,2,0,2,1,1),
(689,5,345,6,7,1,2,-1,0,1),
(690,5,345,7,6,2,1,1,1,1),
(691,5,346,4,3,2,0,2,1,1),
(692,5,346,3,4,0,2,-2,0,1),
(693,5,347,10,2,0,2,-2,0,1),
(694,5,347,2,10,2,0,2,1,1),
(695,5,348,8,4,2,0,2,1,1),
(696,5,348,4,8,0,2,-2,0,1),
(697,5,349,5,1,0,2,-2,0,1),
(698,5,349,1,5,2,0,2,1,1),
(699,5,350,7,10,2,0,2,1,1),
(700,5,350,10,7,0,2,-2,0,1),
(701,5,351,2,8,2,1,1,1,1),
(702,5,351,8,2,1,2,-1,0,1),
(703,5,352,3,5,2,1,1,1,1),
(704,5,352,5,3,1,2,-1,0,1),
(705,5,353,5,6,0,2,-2,0,1),
(706,5,353,6,5,2,0,2,1,1),
(707,5,354,4,7,1,2,-1,0,1),
(708,5,354,7,4,2,1,1,1,1),
(709,5,355,3,8,2,0,2,1,1),
(710,5,355,8,3,0,2,-2,0,1),
(711,5,356,1,10,2,1,1,1,1),
(712,5,356,10,1,1,2,-1,0,1),
(713,5,357,4,2,0,2,-2,0,1),
(714,5,357,2,4,2,0,2,1,1),
(715,5,358,1,6,2,1,1,1,1),
(716,5,358,6,1,1,2,-1,0,1),
(717,5,359,5,7,0,2,-2,0,1),
(718,5,359,7,5,2,0,2,1,1),
(719,5,360,3,10,2,0,2,1,1),
(720,5,360,10,3,0,2,-2,0,1),
(721,5,361,6,3,0,2,-2,0,1),
(722,5,361,3,6,2,0,2,1,1),
(723,5,362,1,5,2,0,2,1,1),
(724,5,362,5,1,0,2,-2,0,1),
(725,5,363,4,1,1,2,-1,0,1),
(726,5,363,1,4,2,1,1,1,1),
(727,5,364,10,7,0,2,-2,0,1),
(728,5,364,7,10,2,0,2,1,1),
(729,5,365,8,2,1,2,-1,0,1),
(730,5,365,2,8,2,1,1,1,1),
(731,5,366,6,10,2,1,1,1,1),
(732,5,366,10,6,1,2,-1,0,1),
(733,5,367,7,8,2,0,2,1,1),
(734,5,367,8,7,0,2,-2,0,1),
(735,5,368,5,4,0,2,-2,0,1),
(736,5,368,4,5,2,0,2,1,1),
(737,5,369,5,3,2,0,2,1,1),
(738,5,369,3,5,0,2,-2,0,1),
(739,5,370,2,10,0,2,-2,0,1),
(740,5,370,10,2,2,0,2,1,1),
(741,5,371,3,1,2,0,2,1,1),
(742,5,371,1,3,0,2,-2,0,1),
(743,5,372,4,8,2,1,1,1,1),
(744,5,372,8,4,1,2,-1,0,1),
(745,5,373,7,6,2,0,2,1,1),
(746,5,373,6,7,0,2,-2,0,1),
(747,5,374,8,5,0,2,-2,0,1),
(748,5,374,5,8,2,0,2,1,1),
(749,5,375,6,2,0,2,-2,0,1),
(750,5,375,2,6,2,0,2,1,1),
(751,5,376,10,4,1,2,-1,0,1),
(752,5,376,4,10,2,1,1,1,1),
(753,5,377,10,1,2,1,1,1,1),
(754,5,377,1,10,1,2,-1,0,1),
(755,5,378,2,3,2,0,2,1,1),
(756,5,378,3,2,0,2,-2,0,1),
(757,5,379,5,10,1,2,-1,0,1),
(758,5,379,10,5,2,1,1,1,1),
(759,5,380,1,8,2,0,2,1,1),
(760,5,380,8,1,0,2,-2,0,1),
(761,5,381,2,7,2,0,2,1,1),
(762,5,381,7,2,0,2,-2,0,1),
(763,5,382,8,3,2,0,2,1,1),
(764,5,382,3,8,0,2,-2,0,1),
(765,5,383,7,4,2,0,2,1,1),
(766,5,383,4,7,0,2,-2,0,1),
(767,5,384,6,5,2,0,2,1,1),
(768,5,384,5,6,0,2,-2,0,1),
(769,5,385,2,5,0,2,-2,0,1),
(770,5,385,5,2,2,0,2,1,1),
(771,5,386,3,7,0,2,-2,0,1),
(772,5,386,7,3,2,0,2,1,1),
(773,5,387,4,6,2,1,1,1,1),
(774,5,387,6,4,1,2,-1,0,1),
(775,5,388,10,8,2,0,2,1,1),
(776,5,388,8,10,0,2,-2,0,1),
(777,5,389,7,1,1,2,-1,0,1),
(778,5,389,1,7,2,1,1,1,1),
(779,5,390,3,4,2,0,2,1,1),
(780,5,390,4,3,0,2,-2,0,1),
(781,5,391,1,2,1,2,-1,0,1),
(782,5,391,2,1,2,1,1,1,1),
(783,5,392,8,6,2,1,1,1,1),
(784,5,392,6,8,1,2,-1,0,1),
(785,5,393,1,6,3,1,2,1,1),
(786,5,393,6,1,1,3,-2,0,1),
(787,5,394,4,3,3,2,1,1,1),
(788,5,394,3,4,2,3,-1,0,1),
(789,5,395,2,1,1,3,-2,0,1),
(790,5,395,1,2,3,1,2,1,1),
(791,5,396,7,4,3,2,1,1,1),
(792,5,396,4,7,2,3,-1,0,1),
(793,5,397,2,4,0,3,-3,0,1),
(794,5,397,4,2,3,0,3,1,1),
(795,5,398,1,7,2,3,-1,0,1),
(796,5,398,7,1,3,2,1,1,1),
(797,5,399,1,4,4,2,2,1,1),
(798,5,399,4,1,2,4,-2,0,1),
(799,5,400,7,1,4,1,3,1,1),
(800,5,400,1,7,1,4,-3,0,1),
(801,6,401,2,1,2,1,1,1,1),
(802,6,401,1,2,1,2,-1,0,1),
(803,6,402,6,8,2,0,2,1,1),
(804,6,402,8,6,0,2,-2,0,1),
(805,6,403,4,5,2,0,2,1,1),
(806,6,403,5,4,0,2,-2,0,1),
(807,6,404,1,7,0,2,-2,0,1),
(808,6,404,7,1,2,0,2,1,1),
(809,6,405,10,6,2,1,1,1,1),
(810,6,405,6,10,1,2,-1,0,1),
(811,6,406,3,2,2,0,2,1,1),
(812,6,406,2,3,0,2,-2,0,1),
(813,6,407,4,10,0,2,-2,0,1),
(814,6,407,10,4,2,0,2,1,1),
(815,6,408,8,7,0,2,-2,0,1),
(816,6,408,7,8,2,0,2,1,1),
(817,6,409,7,5,2,0,2,1,1),
(818,6,409,5,7,0,2,-2,0,1),
(819,6,410,3,6,2,0,2,1,1),
(820,6,410,6,3,0,2,-2,0,1),
(821,6,411,5,2,2,0,2,1,1),
(822,6,411,2,5,0,2,-2,0,1),
(823,6,412,1,4,2,1,1,1,1),
(824,6,412,4,1,1,2,-1,0,1),
(825,6,413,10,3,2,1,1,1,1),
(826,6,413,3,10,1,2,-1,0,1),
(827,6,414,6,1,1,2,-1,0,1),
(828,6,414,1,6,2,1,1,1,1),
(829,6,415,8,10,0,2,-2,0,1),
(830,6,415,10,8,2,0,2,1,1),
(831,6,416,2,4,2,1,1,1,1),
(832,6,416,4,2,1,2,-1,0,1),
(833,6,417,7,3,2,1,1,1,1),
(834,6,417,3,7,1,2,-1,0,1),
(835,6,418,6,4,0,2,-2,0,1),
(836,6,418,4,6,2,0,2,1,1),
(837,6,419,10,5,0,2,-2,0,1),
(838,6,419,5,10,2,0,2,1,1),
(839,6,420,7,2,1,2,-1,0,1),
(840,6,420,2,7,2,1,1,1,1),
(841,6,421,8,1,1,2,-1,0,1),
(842,6,421,1,8,2,1,1,1,1),
(843,6,422,2,6,1,2,-1,0,1),
(844,6,422,6,2,2,1,1,1,1),
(845,6,423,5,8,2,1,1,1,1),
(846,6,423,8,5,1,2,-1,0,1),
(847,6,424,1,3,0,2,-2,0,1),
(848,6,424,3,1,2,0,2,1,1),
(849,6,425,6,7,0,2,-2,0,1),
(850,6,425,7,6,2,0,2,1,1),
(851,6,426,4,3,2,0,2,1,1),
(852,6,426,3,4,0,2,-2,0,1),
(853,6,427,10,2,1,2,-1,0,1),
(854,6,427,2,10,2,1,1,1,1),
(855,6,428,8,4,0,2,-2,0,1),
(856,6,428,4,8,2,0,2,1,1),
(857,6,429,5,1,1,2,-1,0,1),
(858,6,429,1,5,2,1,1,1,1),
(859,6,430,7,10,2,0,2,1,1),
(860,6,430,10,7,0,2,-2,0,1),
(861,6,431,2,8,2,1,1,1,1),
(862,6,431,8,2,1,2,-1,0,1),
(863,6,432,3,5,2,0,2,1,1),
(864,6,432,5,3,0,2,-2,0,1),
(865,6,433,5,6,0,2,-2,0,1),
(866,6,433,6,5,2,0,2,1,1),
(867,6,434,4,7,0,2,-2,0,1),
(868,6,434,7,4,2,0,2,1,1),
(869,6,435,3,8,2,0,2,1,1),
(870,6,435,8,3,0,2,-2,0,1),
(871,6,436,1,10,1,2,-1,0,1),
(872,6,436,10,1,2,1,1,1,1),
(873,6,437,4,2,0,2,-2,0,1),
(874,6,437,2,4,2,0,2,1,1),
(875,6,438,1,6,2,1,1,1,1),
(876,6,438,6,1,1,2,-1,0,1),
(877,6,439,5,7,2,1,1,1,1),
(878,6,439,7,5,1,2,-1,0,1),
(879,6,440,3,10,2,0,2,1,1),
(880,6,440,10,3,0,2,-2,0,1),
(881,6,441,6,3,1,2,-1,0,1),
(882,6,441,3,6,2,1,1,1,1),
(883,6,442,1,5,2,1,1,1,1),
(884,6,442,5,1,1,2,-1,0,1),
(885,6,443,4,1,2,1,1,1,1),
(886,6,443,1,4,1,2,-1,0,1),
(887,6,444,10,7,0,2,-2,0,1),
(888,6,444,7,10,2,0,2,1,1),
(889,6,445,8,2,2,0,2,1,1),
(890,6,445,2,8,0,2,-2,0,1),
(891,6,446,6,10,1,2,-1,0,1),
(892,6,446,10,6,2,1,1,1,1),
(893,6,447,7,8,2,0,2,1,1),
(894,6,447,8,7,0,2,-2,0,1),
(895,6,448,5,4,2,0,2,1,1),
(896,6,448,4,5,0,2,-2,0,1),
(897,6,449,5,3,1,2,-1,0,1),
(898,6,449,3,5,2,1,1,1,1),
(899,6,450,2,10,0,2,-2,0,1),
(900,6,450,10,2,2,0,2,1,1),
(901,6,451,3,1,1,2,-1,0,1),
(902,6,451,1,3,2,1,1,1,1),
(903,6,452,4,8,2,0,2,1,1),
(904,6,452,8,4,0,2,-2,0,1),
(905,6,453,7,6,2,0,2,1,1),
(906,6,453,6,7,0,2,-2,0,1),
(907,6,454,8,5,0,2,-2,0,1),
(908,6,454,5,8,2,0,2,1,1),
(909,6,455,6,2,2,1,1,1,1),
(910,6,455,2,6,1,2,-1,0,1),
(911,6,456,10,4,0,2,-2,0,1),
(912,6,456,4,10,2,0,2,1,1),
(913,6,457,2,5,0,2,-2,0,1),
(914,6,457,5,2,2,0,2,1,1),
(915,6,458,3,7,0,2,-2,0,1),
(916,6,458,7,3,2,0,2,1,1),
(917,6,459,4,6,0,2,-2,0,1),
(918,6,459,6,4,2,0,2,1,1),
(919,6,460,10,8,2,0,2,1,1),
(920,6,460,8,10,0,2,-2,0,1),
(921,6,461,7,1,2,1,1,1,1),
(922,6,461,1,7,1,2,-1,0,1),
(923,6,462,3,4,0,2,-2,0,1),
(924,6,462,4,3,2,0,2,1,1),
(925,6,463,1,2,0,2,-2,0,1),
(926,6,463,2,1,2,0,2,1,1),
(927,6,464,8,6,0,2,-2,0,1),
(928,6,464,6,8,2,0,2,1,1),
(929,6,465,2,3,2,1,1,1,1),
(930,6,465,3,2,1,2,-1,0,1),
(931,6,466,10,1,2,0,2,1,1),
(932,6,466,1,10,0,2,-2,0,1),
(933,6,467,5,10,0,2,-2,0,1),
(934,6,467,10,5,2,0,2,1,1),
(935,6,468,1,8,1,2,-1,0,1),
(936,6,468,8,1,2,1,1,1,1),
(937,6,469,2,7,2,1,1,1,1),
(938,6,469,7,2,1,2,-1,0,1),
(939,6,470,8,3,1,2,-1,0,1),
(940,6,470,3,8,2,1,1,1,1),
(941,6,471,7,4,2,0,2,1,1),
(942,6,471,4,7,0,2,-2,0,1),
(943,6,472,6,5,1,2,-1,0,1),
(944,6,472,5,6,2,1,1,1,1),
(945,6,473,3,5,0,3,-3,0,1),
(946,6,473,5,3,3,0,3,1,1),
(947,6,474,2,4,3,1,2,1,1),
(948,6,474,4,2,1,3,-2,0,1),
(949,6,475,10,5,1,3,-2,0,1),
(950,6,475,5,10,3,1,2,1,1),
(951,6,476,7,2,3,1,2,1,1),
(952,6,476,2,7,1,3,-2,0,1),
(953,6,477,10,2,0,3,-3,0,1),
(954,6,477,2,10,3,0,3,1,1),
(955,6,478,5,7,0,3,-3,0,1),
(956,6,478,7,5,3,0,3,1,1),
(957,6,479,5,2,1,4,-3,0,1),
(958,6,479,2,5,4,1,3,1,1),
(959,6,480,7,2,1,4,-3,0,1),
(960,6,480,2,7,4,1,3,1,1);
/*!40000 ALTER TABLE `fact_team_match` ENABLE KEYS */;
UNLOCK TABLES;
COMMIT;
SET AUTOCOMMIT=@OLD_AUTOCOMMIT;

--
-- Table structure for table `fact_team_season`
--

DROP TABLE IF EXISTS `fact_team_season`;
/*!40101 SET @saved_cs_client     = @@character_set_client */;
/*!40101 SET character_set_client = utf8mb4 */;
CREATE TABLE `fact_team_season` (
  `team_season_key` bigint(20) unsigned NOT NULL AUTO_INCREMENT,
  `season_key` int(10) unsigned NOT NULL,
  `team_key` int(10) unsigned NOT NULL,
  `final_rank` tinyint(3) unsigned NOT NULL,
  `match_wins` tinyint(3) unsigned NOT NULL,
  `match_losses` tinyint(3) unsigned NOT NULL,
  `match_count` tinyint(3) unsigned NOT NULL,
  `match_win_rate` decimal(5,2) NOT NULL,
  `game_wins` tinyint(3) unsigned NOT NULL,
  `game_losses` tinyint(3) unsigned NOT NULL,
  `game_count` tinyint(3) unsigned NOT NULL,
  `game_win_rate` decimal(5,2) NOT NULL,
  `game_diff` smallint(6) NOT NULL,
  PRIMARY KEY (`team_season_key`),
  UNIQUE KEY `uq_fact_team_season` (`season_key`,`team_key`),
  KEY `fk_fact_team_season_team` (`team_key`),
  CONSTRAINT `fk_fact_team_season_season` FOREIGN KEY (`season_key`) REFERENCES `dim_season` (`season_key`),
  CONSTRAINT `fk_fact_team_season_team` FOREIGN KEY (`team_key`) REFERENCES `dim_team` (`team_key`),
  CONSTRAINT `chk_fact_team_season_match_count` CHECK (`match_count` = `match_wins` + `match_losses`),
  CONSTRAINT `chk_fact_team_season_game_count` CHECK (`game_count` = `game_wins` + `game_losses`),
  CONSTRAINT `chk_fact_team_season_match_win_rate` CHECK (`match_win_rate` between 0 and 100),
  CONSTRAINT `chk_fact_team_season_game_win_rate` CHECK (`game_win_rate` between 0 and 100)
) ENGINE=InnoDB AUTO_INCREMENT=64 DEFAULT CHARSET=utf8mb4 COLLATE=utf8mb4_unicode_ci;
/*!40101 SET character_set_client = @saved_cs_client */;

--
-- Dumping data for table `fact_team_season`
--

SET @OLD_AUTOCOMMIT=@@AUTOCOMMIT, @@AUTOCOMMIT=0;
LOCK TABLES `fact_team_season` WRITE;
/*!40000 ALTER TABLE `fact_team_season` DISABLE KEYS */;
INSERT INTO `fact_team_season` VALUES
(1,1,7,1,13,3,16,81.25,27,9,36,75.00,18),
(2,1,8,2,11,5,16,68.75,24,16,40,60.00,8),
(3,1,5,3,10,6,16,62.50,22,16,38,57.89,6),
(4,1,2,4,7,9,16,43.75,17,20,37,45.95,-3),
(5,1,9,5,7,9,16,43.75,17,21,38,44.74,-4),
(6,1,3,6,7,9,16,43.75,17,22,39,43.59,-5),
(7,1,4,7,6,10,16,37.50,17,22,39,43.59,-5),
(8,1,1,8,6,10,16,37.50,17,23,40,42.50,-6),
(9,1,10,9,5,11,16,31.25,14,23,37,37.84,-9),
(10,2,2,1,13,3,16,81.25,28,9,37,75.68,19),
(11,2,7,2,11,5,16,68.75,25,16,41,60.98,9),
(12,2,5,3,10,6,16,62.50,22,20,42,52.38,2),
(13,2,10,4,8,8,16,50.00,21,18,39,53.85,3),
(14,2,4,5,8,8,16,50.00,20,23,43,46.51,-3),
(15,2,8,6,7,9,16,43.75,18,22,40,45.00,-4),
(16,2,9,7,6,10,16,37.50,17,24,41,41.46,-7),
(17,2,1,8,5,11,16,31.25,17,24,41,41.46,-7),
(18,2,3,9,4,12,16,25.00,14,26,40,35.00,-12),
(19,3,8,1,13,3,16,81.25,28,11,39,71.79,17),
(20,3,10,2,12,4,16,75.00,25,14,39,64.10,11),
(21,3,2,3,11,5,16,68.75,26,14,40,65.00,12),
(22,3,7,4,10,6,16,62.50,21,17,38,55.26,4),
(23,3,5,5,9,7,16,56.25,21,20,41,51.22,1),
(24,3,1,6,6,10,16,37.50,16,22,38,42.11,-6),
(25,3,3,7,5,11,16,31.25,16,23,39,41.03,-7),
(26,3,9,8,3,13,16,18.75,12,27,39,30.77,-15),
(27,3,4,9,3,13,16,18.75,12,29,41,29.27,-17),
(28,4,8,1,12,4,16,75.00,25,14,39,64.10,11),
(29,4,5,2,11,5,16,68.75,25,17,42,59.52,8),
(30,4,7,3,10,6,16,62.50,24,17,41,58.54,7),
(31,4,2,4,9,7,16,56.25,23,18,41,56.10,5),
(32,4,1,5,9,7,16,56.25,22,18,40,55.00,4),
(33,4,10,6,9,7,16,56.25,22,20,42,52.38,2),
(34,4,4,7,7,9,16,43.75,19,21,40,47.50,-2),
(35,4,3,8,5,11,16,31.25,15,24,39,38.46,-9),
(36,4,6,9,0,16,16,0.00,6,32,38,15.79,-26),
(37,5,7,1,14,2,16,87.50,29,7,36,80.56,22),
(38,5,2,2,12,4,16,75.00,25,14,39,64.10,11),
(39,5,1,3,9,7,16,56.25,23,19,42,54.76,4),
(40,5,4,4,8,8,16,50.00,20,19,39,51.28,1),
(41,5,3,5,8,8,16,50.00,17,18,35,48.57,-1),
(42,5,6,6,6,10,16,37.50,16,22,38,42.11,-6),
(43,5,8,7,6,10,16,37.50,15,22,37,40.54,-7),
(44,5,5,8,5,11,16,31.25,12,23,35,34.29,-11),
(45,5,10,9,4,12,16,25.00,13,26,39,33.33,-13),
(46,6,7,1,13,3,16,81.25,29,8,37,78.38,21),
(47,6,10,2,10,6,16,62.50,21,16,37,56.76,5),
(48,6,3,3,9,7,16,56.25,22,17,39,56.41,5),
(49,6,2,4,9,7,16,56.25,20,21,41,48.78,-1),
(50,6,4,5,8,8,16,50.00,18,17,35,51.43,1),
(51,6,5,6,8,8,16,50.00,19,19,38,50.00,0),
(52,6,1,7,7,9,16,43.75,19,25,44,43.18,-6),
(53,6,6,8,6,10,16,37.50,18,22,40,45.00,-4),
(54,6,8,9,2,14,16,12.50,8,29,37,21.62,-21);
/*!40000 ALTER TABLE `fact_team_season` ENABLE KEYS */;
UNLOCK TABLES;
COMMIT;
SET AUTOCOMMIT=@OLD_AUTOCOMMIT;
/*!40103 SET TIME_ZONE=@OLD_TIME_ZONE */;

/*!40101 SET SQL_MODE=@OLD_SQL_MODE */;
/*!40014 SET FOREIGN_KEY_CHECKS=@OLD_FOREIGN_KEY_CHECKS */;
/*!40014 SET UNIQUE_CHECKS=@OLD_UNIQUE_CHECKS */;
/*!40101 SET CHARACTER_SET_CLIENT=@OLD_CHARACTER_SET_CLIENT */;
/*!40101 SET CHARACTER_SET_RESULTS=@OLD_CHARACTER_SET_RESULTS */;
/*!40101 SET COLLATION_CONNECTION=@OLD_COLLATION_CONNECTION */;
/*M!100616 SET NOTE_VERBOSITY=@OLD_NOTE_VERBOSITY */;
