-- Generated by Data Storing/src/make_seed.py
USE mpl_indonesia;
START TRANSACTION;

INSERT INTO season (season_number, name, start_date, end_date, prize_pool_usd) VALUES
  (12, 'MPL Indonesia Season 12', '2023-07-13', '2023-10-15', 336500.0),
  (13, 'MPL Indonesia Season 13', '2024-03-08', '2024-06-09', 298584.49),
  (14, 'MPL Indonesia Season 14', '2024-08-09', '2024-10-27', 309650.78),
  (15, 'MPL Indonesia Season 15', '2025-03-07', '2025-06-15', 298172.31),
  (16, 'MPL Indonesia Season 16', '2025-08-22', '2025-11-02', 292110.32),
  (17, 'MPL Indonesia Season 17', '2026-03-27', '2026-06-14', 273351.59);

INSERT INTO season_location (season_number, location) VALUES
  (12, 'Jakarta'),
  (13, 'Jakarta'),
  (14, 'Jakarta'),
  (14, 'Bandung'),
  (15, 'Jakarta'),
  (16, 'Jakarta'),
  (16, 'Tangerang'),
  (17, 'Jakarta');

INSERT INTO team (team_id, team_name) VALUES
  (1, 'Alter Ego'),
  (2, 'Bigetron'),
  (3, 'Dewa United Esports'),
  (4, 'EVOS'),
  (5, 'Geek Fam ID'),
  (6, 'Natus Vincere'),
  (7, 'ONIC'),
  (8, 'RRQ'),
  (9, 'Rebellion'),
  (10, 'Team Liquid ID');

INSERT INTO person (person_id, person_name, nationality) VALUES
  (1, 'A B O Y', 'Indonesia'),
  (2, 'Adi', 'Indonesia'),
  (3, 'AeronnShikii', 'Indonesia'),
  (4, 'Aether', 'Indonesia'),
  (5, 'Age', 'Indonesia'),
  (6, 'Alberttt', 'Indonesia'),
  (7, 'Aldo', 'Indonesia'),
  (8, 'Alekk', 'Indonesia'),
  (9, 'Alevaa', 'Indonesia'),
  (10, 'Anavel', 'Indonesia'),
  (11, 'Andoryuuu', 'Philippines'),
  (12, 'Aprho', 'Indonesia'),
  (13, 'Aran', 'Indonesia'),
  (14, 'Aredlavv', 'Indonesia'),
  (15, 'Arfy', 'Indonesia'),
  (16, 'Arss', 'Indonesia'),
  (17, 'Asune', 'Indonesia'),
  (18, 'Audycs', 'Indonesia'),
  (19, 'Aville', 'Indonesia'),
  (20, 'Azuraa', 'Indonesia'),
  (21, 'Baloyskie', 'Philippines'),
  (22, 'Bam', 'Philippines'),
  (23, 'Banana', 'Indonesia'),
  (24, 'Barbossa', 'Indonesia'),
  (25, 'Bluffzy', 'Philippines'),
  (26, 'BomBi', 'Philippines'),
  (27, 'Bondolz', 'Indonesia'),
  (28, 'Bq syaii', 'Indonesia'),
  (29, 'Branz', 'Indonesia'),
  (30, 'Bravo', 'Indonesia'),
  (31, 'Brusko', 'Philippines'),
  (32, 'Bunnyqt', 'Indonesia'),
  (33, 'Butss', 'Indonesia'),
  (34, 'Caderaa', 'Indonesia'),
  (35, 'Caesius', 'Indonesia'),
  (36, 'Caleb', 'Indonesia'),
  (37, 'Celiboy', 'Indonesia'),
  (38, 'Chenn', 'Indonesia'),
  (39, 'Cikoo', 'Indonesia'),
  (40, 'Claw Kun', 'Indonesia'),
  (41, 'Clayyy', 'Indonesia'),
  (42, 'Cr1te', 'Indonesia'),
  (43, 'CW', 'Indonesia'),
  (44, 'Cyruz', 'Indonesia'),
  (45, 'Dan', 'Philippines'),
  (46, 'Deee', 'Indonesia'),
  (47, 'Dolynn', 'Indonesia'),
  (48, 'Donn', 'Indonesia'),
  (49, 'Dora', 'Indonesia'),
  (50, 'Dreams', 'Indonesia'),
  (51, 'Drian', 'Indonesia'),
  (52, 'Drichel', 'Indonesia'),
  (53, 'Dyrennn', 'Indonesia'),
  (54, 'Dyx0n', 'Indonesia'),
  (55, 'E2MAX', 'Philippines'),
  (56, 'EgaTzy', 'Indonesia'),
  (57, 'EMANN', 'Philippines'),
  (58, 'Erlan', 'Indonesia'),
  (59, 'Erpang', 'Indonesia'),
  (60, 'Facehugger', 'Indonesia'),
  (61, 'Falah', 'Indonesia'),
  (62, 'Faviannn', 'Indonesia'),
  (63, 'Febbb', 'Indonesia'),
  (64, 'Ferxiic', 'Indonesia'),
  (65, 'Finn', 'Indonesia'),
  (66, 'Fluffy', 'Indonesia'),
  (67, 'Frizzyyy', 'Indonesia'),
  (68, 'G', 'Indonesia'),
  (69, 'Gebe', 'Indonesia'),
  (70, 'Gobs', 'Indonesia'),
  (71, 'Gugun', 'Indonesia'),
  (72, 'H a n', 'Indonesia'),
  (73, 'Haiz', 'Indonesia'),
  (74, 'HanafiTzy', 'Indonesia'),
  (75, 'Hazle', 'Indonesia'),
  (76, 'Her', 'Indonesia'),
  (77, 'High', 'Indonesia'),
  (78, 'Hijumee', 'Indonesia'),
  (79, 'Honjaw', 'Indonesia'),
  (80, 'Idok', 'Indonesia'),
  (81, 'Irrad', 'Philippines'),
  (82, 'Ivann', 'Indonesia'),
  (83, 'Jacklee', 'Indonesia'),
  (84, 'Jeymz', 'Philippines'),
  (85, 'Jizeezeze', 'Indonesia'),
  (86, 'JM', 'Philippines'),
  (87, 'JOOOOO', 'Indonesia'),
  (88, 'Just Garrr', 'Indonesia'),
  (89, 'K Dot', 'Indonesia'),
  (90, 'Kabuki', 'Indonesia'),
  (91, 'Kairi', 'Philippines'),
  (92, 'Karss', 'Indonesia'),
  (93, 'Kayn', 'Philippines'),
  (94, 'Kelra', 'Philippines'),
  (95, 'KennzyySkie', 'Indonesia'),
  (96, 'KESUUU', 'Indonesia'),
  (97, 'Keyz', 'Indonesia'),
  (98, 'Khezcute', 'Indonesia'),
  (99, 'Kiboy', 'Indonesia'),
  (100, 'Kimura', 'Indonesia'),
  (101, 'KurooKy', 'Indonesia'),
  (102, 'Kyou', 'Indonesia'),
  (103, 'Kyy', 'Indonesia'),
  (104, 'Kyzenn', 'Indonesia'),
  (105, 'Lanaya', 'Indonesia'),
  (106, 'Lemon', 'Indonesia'),
  (107, 'Leomurphy', 'Indonesia'),
  (108, 'Light', 'Philippines'),
  (109, 'Luke', 'Indonesia'),
  (110, 'Lutpiii', 'Indonesia'),
  (111, 'Lyoni', 'Indonesia'),
  (112, 'MarceL', 'Indonesia'),
  (113, 'Markk', 'Indonesia'),
  (114, 'Markyyyyy', 'Philippines'),
  (115, 'Marsha', 'Indonesia'),
  (116, 'Mas4Ko', 'Indonesia'),
  (117, 'Matt', 'Indonesia'),
  (118, 'Maybeee', 'Indonesia'),
  (119, 'Maykids', 'Indonesia'),
  (120, 'Moai', 'Indonesia'),
  (121, 'Moreno', 'Indonesia'),
  (122, 'Muezzaa', 'Indonesia'),
  (123, 'Munsters', 'Indonesia'),
  (124, 'MxMoore', 'Indonesia'),
  (125, 'Nafari', 'Indonesia'),
  (126, 'Naomi', 'Myanmar'),
  (127, 'Narashi', 'Indonesia'),
  (128, 'Natco', 'Indonesia'),
  (129, 'Nazara', 'Indonesia'),
  (130, 'Nino', 'Indonesia'),
  (131, 'NMM', 'Indonesia'),
  (132, 'Nnael', 'Indonesia'),
  (133, 'Octa', 'Indonesia'),
  (134, 'Paddington', 'Indonesia'),
  (135, 'Pahlevi', 'Indonesia'),
  (136, 'Pai', 'Indonesia'),
  (137, 'Panser', 'Indonesia'),
  (138, 'Pauuu', 'Philippines'),
  (139, 'Pendragon', 'Indonesia'),
  (140, 'Pheww', 'Philippines'),
  (141, 'Pinnn', 'Indonesia'),
  (142, 'QINN', 'Philippines'),
  (143, 'Raiden', 'Indonesia'),
  (144, 'Raizan', 'Indonesia'),
  (145, 'Rasy', 'Indonesia'),
  (146, 'Rave', 'Indonesia'),
  (147, 'Razeboy', 'Indonesia'),
  (148, 'Rekt', 'Indonesia'),
  (149, 'Renbuu', 'Indonesia'),
  (150, 'Rendyy', 'Indonesia'),
  (151, 'Reyy', 'Indonesia'),
  (152, 'Rezzz', 'Indonesia'),
  (153, 'Right', 'Philippines'),
  (154, 'Rinee', 'Indonesia'),
  (155, 'Rinz', 'Indonesia'),
  (156, 'Ronn', 'Indonesia'),
  (157, 'RoundeL', 'Indonesia'),
  (158, 'Ryota', 'Philippines'),
  (159, 'Ryyo', 'Indonesia'),
  (160, 'Ryzaa', 'Indonesia'),
  (161, 'S A N Z', 'Indonesia'),
  (162, 'SaintDeLucaz', 'Indonesia'),
  (163, 'SamoHt', 'Indonesia'),
  (164, 'SamueL', 'Indonesia'),
  (165, 'Savero', 'Indonesia'),
  (166, 'Sayargyi', 'Myanmar'),
  (167, 'Saykots', 'Indonesia'),
  (168, 'Shacco', 'Indonesia'),
  (169, 'Shogun', 'Indonesia'),
  (170, 'Skylar', 'Indonesia'),
  (171, 'Spencer', 'Indonesia'),
  (172, 'Styx', 'Indonesia'),
  (173, 'Super Kenn', 'Indonesia'),
  (174, 'Super Kurt', 'Philippines'),
  (175, 'Super Red', 'Philippines'),
  (176, 'Sutsujin', 'Indonesia'),
  (177, 'SwayLow', 'Indonesia'),
  (178, 'TaxStump', 'Indonesia'),
  (179, 'Tazy', 'Indonesia'),
  (180, 'Tazz', 'Indonesia'),
  (181, 'Theo', 'Philippines'),
  (182, 'Theonael', 'Indonesia'),
  (183, 'Toyy', 'Indonesia'),
  (184, 'Treacky', 'Indonesia'),
  (185, 'Udil', 'Indonesia'),
  (186, 'UK1R', 'Philippines'),
  (187, 'VAN', 'Indonesia'),
  (188, 'Vanz', 'Indonesia'),
  (189, 'Variety', 'Indonesia'),
  (190, 'Vell', 'Indonesia'),
  (191, 'Vincentt', 'Indonesia'),
  (192, 'Vivy', 'Indonesia'),
  (193, 'Vren', 'Philippines'),
  (194, 'VYN', 'Indonesia'),
  (195, 'Watt', 'Indonesia'),
  (196, 'Widy', 'Indonesia'),
  (197, 'Wongcoco', 'Indonesia'),
  (198, 'Woshipaul', 'Indonesia'),
  (199, 'Wuraaaah', 'Philippines'),
  (200, 'X Win', 'Indonesia'),
  (201, 'Xepher', 'Indonesia'),
  (202, 'XINNN', 'Indonesia'),
  (203, 'XMagic', 'Indonesia'),
  (204, 'Xorizo', 'Indonesia'),
  (205, 'Xyve', 'Indonesia'),
  (206, 'Yawi', 'Philippines'),
  (207, 'Yazukee', 'Indonesia'),
  (208, 'Yeb', 'Philippines'),
  (209, 'Yehezkiel', 'Indonesia'),
  (210, 'YnoT', 'Philippines'),
  (211, 'Zeltron', 'Indonesia'),
  (212, 'Zeonn', 'Indonesia'),
  (213, 'Zetsuna', 'Indonesia'),
  (214, 'Zunesh', 'Indonesia');

INSERT INTO award_type (award_type_id, award_name) VALUES
  (1, 'Regular Season MVP'),
  (2, 'Finals MVP'),
  (3, 'Most Improved'),
  (4, 'Rising Star'),
  (5, 'Rookie of The Season'),
  (6, 'Dream Team'),
  (7, 'First Team'),
  (8, 'Second Team');

INSERT INTO team_season (season_number, team_id, final_rank, match_wins, match_losses, game_wins, game_losses) VALUES
  (12, 7, 1, 13, 3, 27, 9),
  (12, 8, 2, 11, 5, 24, 16),
  (12, 5, 3, 10, 6, 22, 16),
  (12, 2, 4, 7, 9, 17, 20),
  (12, 9, 5, 7, 9, 17, 21),
  (12, 3, 6, 7, 9, 17, 22),
  (12, 4, 7, 6, 10, 17, 22),
  (12, 1, 8, 6, 10, 17, 23),
  (12, 10, 9, 5, 11, 14, 23),
  (13, 2, 1, 13, 3, 28, 9),
  (13, 7, 2, 11, 5, 25, 16),
  (13, 5, 3, 10, 6, 22, 20),
  (13, 10, 4, 8, 8, 21, 18),
  (13, 4, 5, 8, 8, 20, 23),
  (13, 8, 6, 7, 9, 18, 22),
  (13, 9, 7, 6, 10, 17, 24),
  (13, 1, 8, 5, 11, 17, 24),
  (13, 3, 9, 4, 12, 14, 26),
  (14, 8, 1, 13, 3, 28, 11),
  (14, 10, 2, 12, 4, 25, 14),
  (14, 2, 3, 11, 5, 26, 14),
  (14, 7, 4, 10, 6, 21, 17),
  (14, 5, 5, 9, 7, 21, 20),
  (14, 1, 6, 6, 10, 16, 22),
  (14, 3, 7, 5, 11, 16, 23),
  (14, 9, 8, 3, 13, 12, 27),
  (14, 4, 9, 3, 13, 12, 29),
  (15, 8, 1, 12, 4, 25, 14),
  (15, 5, 2, 11, 5, 25, 17),
  (15, 7, 3, 10, 6, 24, 17),
  (15, 2, 4, 9, 7, 23, 18),
  (15, 1, 5, 9, 7, 22, 18),
  (15, 10, 6, 9, 7, 22, 20),
  (15, 4, 7, 7, 9, 19, 21),
  (15, 3, 8, 5, 11, 15, 24),
  (15, 6, 9, 0, 16, 6, 32),
  (16, 7, 1, 14, 2, 29, 7),
  (16, 2, 2, 12, 4, 25, 14),
  (16, 1, 3, 9, 7, 23, 19),
  (16, 4, 4, 8, 8, 20, 19),
  (16, 3, 5, 8, 8, 17, 18),
  (16, 6, 6, 6, 10, 16, 22),
  (16, 8, 7, 6, 10, 15, 22),
  (16, 5, 8, 5, 11, 12, 23),
  (16, 10, 9, 4, 12, 13, 26),
  (17, 7, 1, 13, 3, 29, 8),
  (17, 10, 2, 10, 6, 21, 16),
  (17, 3, 3, 9, 7, 22, 17),
  (17, 2, 4, 9, 7, 20, 21),
  (17, 4, 5, 8, 8, 18, 17),
  (17, 5, 6, 8, 8, 19, 19),
  (17, 1, 7, 7, 9, 19, 25),
  (17, 6, 8, 6, 10, 18, 22),
  (17, 8, 9, 2, 14, 8, 29);

INSERT INTO matches (match_id, stage, week, match_day, round_name, season_number) VALUES
  (1, 'Regular Season', 1, 1, NULL, 12),
  (2, 'Regular Season', 1, 1, NULL, 12),
  (3, 'Regular Season', 1, 2, NULL, 12),
  (4, 'Regular Season', 1, 2, NULL, 12),
  (5, 'Regular Season', 1, 3, NULL, 12),
  (6, 'Regular Season', 1, 3, NULL, 12),
  (7, 'Regular Season', 1, 3, NULL, 12),
  (8, 'Regular Season', 1, 4, NULL, 12),
  (9, 'Regular Season', 1, 4, NULL, 12),
  (10, 'Regular Season', 2, 1, NULL, 12),
  (11, 'Regular Season', 2, 1, NULL, 12),
  (12, 'Regular Season', 2, 2, NULL, 12),
  (13, 'Regular Season', 2, 2, NULL, 12),
  (14, 'Regular Season', 2, 3, NULL, 12),
  (15, 'Regular Season', 2, 3, NULL, 12),
  (16, 'Regular Season', 2, 3, NULL, 12),
  (17, 'Regular Season', 2, 4, NULL, 12),
  (18, 'Regular Season', 2, 4, NULL, 12),
  (19, 'Regular Season', 3, 1, NULL, 12),
  (20, 'Regular Season', 3, 1, NULL, 12),
  (21, 'Regular Season', 3, 2, NULL, 12),
  (22, 'Regular Season', 3, 2, NULL, 12),
  (23, 'Regular Season', 3, 3, NULL, 12),
  (24, 'Regular Season', 3, 3, NULL, 12),
  (25, 'Regular Season', 3, 3, NULL, 12),
  (26, 'Regular Season', 3, 4, NULL, 12),
  (27, 'Regular Season', 3, 4, NULL, 12),
  (28, 'Regular Season', 4, 1, NULL, 12),
  (29, 'Regular Season', 4, 1, NULL, 12),
  (30, 'Regular Season', 4, 2, NULL, 12),
  (31, 'Regular Season', 4, 2, NULL, 12),
  (32, 'Regular Season', 4, 3, NULL, 12),
  (33, 'Regular Season', 4, 3, NULL, 12),
  (34, 'Regular Season', 4, 3, NULL, 12),
  (35, 'Regular Season', 4, 4, NULL, 12),
  (36, 'Regular Season', 4, 4, NULL, 12),
  (37, 'Regular Season', 5, 1, NULL, 12),
  (38, 'Regular Season', 5, 1, NULL, 12),
  (39, 'Regular Season', 5, 2, NULL, 12),
  (40, 'Regular Season', 5, 2, NULL, 12),
  (41, 'Regular Season', 5, 3, NULL, 12),
  (42, 'Regular Season', 5, 3, NULL, 12),
  (43, 'Regular Season', 5, 3, NULL, 12),
  (44, 'Regular Season', 5, 4, NULL, 12),
  (45, 'Regular Season', 5, 4, NULL, 12),
  (46, 'Regular Season', 6, 1, NULL, 12),
  (47, 'Regular Season', 6, 1, NULL, 12),
  (48, 'Regular Season', 6, 2, NULL, 12),
  (49, 'Regular Season', 6, 2, NULL, 12),
  (50, 'Regular Season', 6, 3, NULL, 12),
  (51, 'Regular Season', 6, 3, NULL, 12),
  (52, 'Regular Season', 6, 3, NULL, 12),
  (53, 'Regular Season', 6, 4, NULL, 12),
  (54, 'Regular Season', 6, 4, NULL, 12),
  (55, 'Regular Season', 7, 1, NULL, 12),
  (56, 'Regular Season', 7, 1, NULL, 12),
  (57, 'Regular Season', 7, 2, NULL, 12),
  (58, 'Regular Season', 7, 2, NULL, 12),
  (59, 'Regular Season', 7, 3, NULL, 12),
  (60, 'Regular Season', 7, 3, NULL, 12),
  (61, 'Regular Season', 7, 3, NULL, 12),
  (62, 'Regular Season', 7, 4, NULL, 12),
  (63, 'Regular Season', 7, 4, NULL, 12),
  (64, 'Regular Season', 8, 1, NULL, 12),
  (65, 'Regular Season', 8, 1, NULL, 12),
  (66, 'Regular Season', 8, 2, NULL, 12),
  (67, 'Regular Season', 8, 2, NULL, 12),
  (68, 'Regular Season', 8, 3, NULL, 12),
  (69, 'Regular Season', 8, 3, NULL, 12),
  (70, 'Regular Season', 8, 3, NULL, 12),
  (71, 'Regular Season', 8, 4, NULL, 12),
  (72, 'Regular Season', 8, 4, NULL, 12),
  (73, 'Playoffs', NULL, NULL, 'Play-In (Bo5)', 12),
  (74, 'Playoffs', NULL, NULL, 'Play-In (Bo5)', 12),
  (75, 'Playoffs', NULL, NULL, 'Upper Bracket SF (Bo5)', 12),
  (76, 'Playoffs', NULL, NULL, 'Upper Bracket SF (Bo5)', 12),
  (77, 'Playoffs', NULL, NULL, 'Lower Bracket SF (Bo5)', 12),
  (78, 'Playoffs', NULL, NULL, 'Upper Bracket Final (Bo5)', 12),
  (79, 'Playoffs', NULL, NULL, 'Lower Bracket Final (Bo5)', 12),
  (80, 'Playoffs', NULL, NULL, 'Grand Final (Bo7)', 12),
  (81, 'Regular Season', 1, 1, NULL, 13),
  (82, 'Regular Season', 1, 1, NULL, 13),
  (83, 'Regular Season', 1, 2, NULL, 13),
  (84, 'Regular Season', 1, 2, NULL, 13),
  (85, 'Regular Season', 1, 2, NULL, 13),
  (86, 'Regular Season', 1, 3, NULL, 13),
  (87, 'Regular Season', 1, 3, NULL, 13),
  (88, 'Regular Season', 1, 3, NULL, 13),
  (89, 'Regular Season', 2, 1, NULL, 13),
  (90, 'Regular Season', 2, 1, NULL, 13),
  (91, 'Regular Season', 2, 2, NULL, 13),
  (92, 'Regular Season', 2, 2, NULL, 13),
  (93, 'Regular Season', 2, 2, NULL, 13),
  (94, 'Regular Season', 2, 3, NULL, 13),
  (95, 'Regular Season', 2, 3, NULL, 13),
  (96, 'Regular Season', 2, 3, NULL, 13),
  (97, 'Regular Season', 3, 1, NULL, 13),
  (98, 'Regular Season', 3, 1, NULL, 13),
  (99, 'Regular Season', 3, 2, NULL, 13),
  (100, 'Regular Season', 3, 2, NULL, 13),
  (101, 'Regular Season', 3, 2, NULL, 13),
  (102, 'Regular Season', 3, 3, NULL, 13),
  (103, 'Regular Season', 3, 3, NULL, 13),
  (104, 'Regular Season', 3, 3, NULL, 13),
  (105, 'Regular Season', 4, 1, NULL, 13),
  (106, 'Regular Season', 4, 1, NULL, 13),
  (107, 'Regular Season', 4, 2, NULL, 13),
  (108, 'Regular Season', 4, 2, NULL, 13),
  (109, 'Regular Season', 4, 2, NULL, 13),
  (110, 'Regular Season', 4, 3, NULL, 13),
  (111, 'Regular Season', 4, 3, NULL, 13),
  (112, 'Regular Season', 4, 3, NULL, 13),
  (113, 'Regular Season', 5, 1, NULL, 13),
  (114, 'Regular Season', 5, 1, NULL, 13),
  (115, 'Regular Season', 5, 2, NULL, 13),
  (116, 'Regular Season', 5, 2, NULL, 13),
  (117, 'Regular Season', 5, 2, NULL, 13),
  (118, 'Regular Season', 5, 3, NULL, 13),
  (119, 'Regular Season', 5, 3, NULL, 13),
  (120, 'Regular Season', 5, 3, NULL, 13),
  (121, 'Regular Season', 6, 1, NULL, 13),
  (122, 'Regular Season', 6, 1, NULL, 13),
  (123, 'Regular Season', 6, 2, NULL, 13),
  (124, 'Regular Season', 6, 2, NULL, 13),
  (125, 'Regular Season', 6, 2, NULL, 13),
  (126, 'Regular Season', 6, 3, NULL, 13),
  (127, 'Regular Season', 6, 3, NULL, 13),
  (128, 'Regular Season', 6, 3, NULL, 13),
  (129, 'Regular Season', 7, 1, NULL, 13),
  (130, 'Regular Season', 7, 1, NULL, 13),
  (131, 'Regular Season', 7, 2, NULL, 13),
  (132, 'Regular Season', 7, 2, NULL, 13),
  (133, 'Regular Season', 7, 2, NULL, 13),
  (134, 'Regular Season', 7, 3, NULL, 13),
  (135, 'Regular Season', 7, 3, NULL, 13),
  (136, 'Regular Season', 7, 3, NULL, 13),
  (137, 'Regular Season', 8, 1, NULL, 13),
  (138, 'Regular Season', 8, 1, NULL, 13),
  (139, 'Regular Season', 8, 2, NULL, 13),
  (140, 'Regular Season', 8, 2, NULL, 13),
  (141, 'Regular Season', 8, 2, NULL, 13),
  (142, 'Regular Season', 8, 3, NULL, 13),
  (143, 'Regular Season', 8, 3, NULL, 13),
  (144, 'Regular Season', 8, 3, NULL, 13),
  (145, 'Regular Season', 9, 1, NULL, 13),
  (146, 'Regular Season', 9, 1, NULL, 13),
  (147, 'Regular Season', 9, 2, NULL, 13),
  (148, 'Regular Season', 9, 2, NULL, 13),
  (149, 'Regular Season', 9, 2, NULL, 13),
  (150, 'Regular Season', 9, 3, NULL, 13),
  (151, 'Regular Season', 9, 3, NULL, 13),
  (152, 'Regular Season', 9, 3, NULL, 13),
  (153, 'Playoffs', NULL, NULL, 'Play-in (Bo5)', 13),
  (154, 'Playoffs', NULL, NULL, 'Play-in (Bo5)', 13),
  (155, 'Playoffs', NULL, NULL, 'Upper Bracket SF (Bo5)', 13),
  (156, 'Playoffs', NULL, NULL, 'Upper Bracket SF (Bo5)', 13),
  (157, 'Playoffs', NULL, NULL, 'Lower Bracket SF (Bo5)', 13),
  (158, 'Playoffs', NULL, NULL, 'Upper Bracket Final (Bo5)', 13),
  (159, 'Playoffs', NULL, NULL, 'Lower Bracket Final (Bo5)', 13),
  (160, 'Playoffs', NULL, NULL, 'Grand Final (Bo7)', 13),
  (161, 'Regular Season', 1, 1, NULL, 14),
  (162, 'Regular Season', 1, 1, NULL, 14),
  (163, 'Regular Season', 1, 2, NULL, 14),
  (164, 'Regular Season', 1, 2, NULL, 14),
  (165, 'Regular Season', 1, 2, NULL, 14),
  (166, 'Regular Season', 1, 3, NULL, 14),
  (167, 'Regular Season', 1, 3, NULL, 14),
  (168, 'Regular Season', 1, 3, NULL, 14),
  (169, 'Regular Season', 2, 1, NULL, 14),
  (170, 'Regular Season', 2, 1, NULL, 14),
  (171, 'Regular Season', 2, 2, NULL, 14),
  (172, 'Regular Season', 2, 2, NULL, 14),
  (173, 'Regular Season', 2, 2, NULL, 14),
  (174, 'Regular Season', 2, 3, NULL, 14),
  (175, 'Regular Season', 2, 3, NULL, 14),
  (176, 'Regular Season', 2, 3, NULL, 14),
  (177, 'Regular Season', 3, 1, NULL, 14),
  (178, 'Regular Season', 3, 1, NULL, 14),
  (179, 'Regular Season', 3, 2, NULL, 14),
  (180, 'Regular Season', 3, 2, NULL, 14),
  (181, 'Regular Season', 3, 2, NULL, 14),
  (182, 'Regular Season', 3, 3, NULL, 14),
  (183, 'Regular Season', 3, 3, NULL, 14),
  (184, 'Regular Season', 3, 3, NULL, 14),
  (185, 'Regular Season', 4, 1, NULL, 14),
  (186, 'Regular Season', 4, 1, NULL, 14),
  (187, 'Regular Season', 4, 2, NULL, 14),
  (188, 'Regular Season', 4, 2, NULL, 14),
  (189, 'Regular Season', 4, 2, NULL, 14),
  (190, 'Regular Season', 4, 3, NULL, 14),
  (191, 'Regular Season', 4, 3, NULL, 14),
  (192, 'Regular Season', 4, 3, NULL, 14),
  (193, 'Regular Season', 5, 1, NULL, 14),
  (194, 'Regular Season', 5, 1, NULL, 14),
  (195, 'Regular Season', 5, 2, NULL, 14),
  (196, 'Regular Season', 5, 2, NULL, 14),
  (197, 'Regular Season', 5, 2, NULL, 14),
  (198, 'Regular Season', 5, 3, NULL, 14),
  (199, 'Regular Season', 5, 3, NULL, 14),
  (200, 'Regular Season', 5, 3, NULL, 14),
  (201, 'Regular Season', 6, 1, NULL, 14),
  (202, 'Regular Season', 6, 1, NULL, 14),
  (203, 'Regular Season', 6, 2, NULL, 14),
  (204, 'Regular Season', 6, 2, NULL, 14),
  (205, 'Regular Season', 6, 2, NULL, 14),
  (206, 'Regular Season', 6, 3, NULL, 14),
  (207, 'Regular Season', 6, 3, NULL, 14),
  (208, 'Regular Season', 6, 3, NULL, 14),
  (209, 'Regular Season', 7, 1, NULL, 14),
  (210, 'Regular Season', 7, 1, NULL, 14),
  (211, 'Regular Season', 7, 2, NULL, 14),
  (212, 'Regular Season', 7, 2, NULL, 14),
  (213, 'Regular Season', 7, 2, NULL, 14),
  (214, 'Regular Season', 7, 3, NULL, 14),
  (215, 'Regular Season', 7, 3, NULL, 14),
  (216, 'Regular Season', 7, 3, NULL, 14),
  (217, 'Regular Season', 8, 1, NULL, 14),
  (218, 'Regular Season', 8, 1, NULL, 14),
  (219, 'Regular Season', 8, 2, NULL, 14),
  (220, 'Regular Season', 8, 2, NULL, 14),
  (221, 'Regular Season', 8, 2, NULL, 14),
  (222, 'Regular Season', 8, 3, NULL, 14),
  (223, 'Regular Season', 8, 3, NULL, 14),
  (224, 'Regular Season', 8, 3, NULL, 14),
  (225, 'Regular Season', 9, 1, NULL, 14),
  (226, 'Regular Season', 9, 1, NULL, 14),
  (227, 'Regular Season', 9, 2, NULL, 14),
  (228, 'Regular Season', 9, 2, NULL, 14),
  (229, 'Regular Season', 9, 2, NULL, 14),
  (230, 'Regular Season', 9, 3, NULL, 14),
  (231, 'Regular Season', 9, 3, NULL, 14),
  (232, 'Regular Season', 9, 3, NULL, 14),
  (233, 'Playoffs', NULL, NULL, 'Play-In (Bo5)', 14),
  (234, 'Playoffs', NULL, NULL, 'Play-In (Bo5)', 14),
  (235, 'Playoffs', NULL, NULL, 'Upper Bracket SF (Bo5)', 14),
  (236, 'Playoffs', NULL, NULL, 'Upper Bracket SF (Bo5)', 14),
  (237, 'Playoffs', NULL, NULL, 'Lower Bracket SF (Bo5)', 14),
  (238, 'Playoffs', NULL, NULL, 'Upper Bracket Final (Bo5)', 14),
  (239, 'Playoffs', NULL, NULL, 'Lower Bracket Final (Bo5)', 14),
  (240, 'Playoffs', NULL, NULL, 'Grand Final (Bo7)', 14),
  (241, 'Regular Season', 1, 1, NULL, 15),
  (242, 'Regular Season', 1, 1, NULL, 15),
  (243, 'Regular Season', 1, 2, NULL, 15),
  (244, 'Regular Season', 1, 2, NULL, 15),
  (245, 'Regular Season', 1, 2, NULL, 15),
  (246, 'Regular Season', 1, 3, NULL, 15),
  (247, 'Regular Season', 1, 3, NULL, 15),
  (248, 'Regular Season', 1, 3, NULL, 15),
  (249, 'Regular Season', 2, 1, NULL, 15),
  (250, 'Regular Season', 2, 1, NULL, 15),
  (251, 'Regular Season', 2, 2, NULL, 15),
  (252, 'Regular Season', 2, 2, NULL, 15),
  (253, 'Regular Season', 2, 2, NULL, 15),
  (254, 'Regular Season', 2, 3, NULL, 15),
  (255, 'Regular Season', 2, 3, NULL, 15),
  (256, 'Regular Season', 2, 3, NULL, 15),
  (257, 'Regular Season', 3, 1, NULL, 15),
  (258, 'Regular Season', 3, 1, NULL, 15),
  (259, 'Regular Season', 3, 2, NULL, 15),
  (260, 'Regular Season', 3, 2, NULL, 15),
  (261, 'Regular Season', 3, 2, NULL, 15),
  (262, 'Regular Season', 3, 3, NULL, 15),
  (263, 'Regular Season', 3, 3, NULL, 15),
  (264, 'Regular Season', 3, 3, NULL, 15),
  (265, 'Regular Season', 4, 1, NULL, 15),
  (266, 'Regular Season', 4, 1, NULL, 15),
  (267, 'Regular Season', 4, 2, NULL, 15),
  (268, 'Regular Season', 4, 2, NULL, 15),
  (269, 'Regular Season', 4, 2, NULL, 15),
  (270, 'Regular Season', 4, 3, NULL, 15),
  (271, 'Regular Season', 4, 3, NULL, 15),
  (272, 'Regular Season', 4, 3, NULL, 15),
  (273, 'Regular Season', 5, 1, NULL, 15),
  (274, 'Regular Season', 5, 1, NULL, 15),
  (275, 'Regular Season', 5, 2, NULL, 15),
  (276, 'Regular Season', 5, 2, NULL, 15),
  (277, 'Regular Season', 5, 2, NULL, 15),
  (278, 'Regular Season', 5, 3, NULL, 15),
  (279, 'Regular Season', 5, 3, NULL, 15),
  (280, 'Regular Season', 5, 3, NULL, 15),
  (281, 'Regular Season', 6, 1, NULL, 15),
  (282, 'Regular Season', 6, 1, NULL, 15),
  (283, 'Regular Season', 6, 2, NULL, 15),
  (284, 'Regular Season', 6, 2, NULL, 15),
  (285, 'Regular Season', 6, 2, NULL, 15),
  (286, 'Regular Season', 6, 3, NULL, 15),
  (287, 'Regular Season', 6, 3, NULL, 15),
  (288, 'Regular Season', 6, 3, NULL, 15),
  (289, 'Regular Season', 7, 1, NULL, 15),
  (290, 'Regular Season', 7, 1, NULL, 15),
  (291, 'Regular Season', 7, 2, NULL, 15),
  (292, 'Regular Season', 7, 2, NULL, 15),
  (293, 'Regular Season', 7, 2, NULL, 15),
  (294, 'Regular Season', 7, 3, NULL, 15),
  (295, 'Regular Season', 7, 3, NULL, 15),
  (296, 'Regular Season', 7, 3, NULL, 15),
  (297, 'Regular Season', 8, 1, NULL, 15),
  (298, 'Regular Season', 8, 1, NULL, 15),
  (299, 'Regular Season', 8, 2, NULL, 15),
  (300, 'Regular Season', 8, 2, NULL, 15),
  (301, 'Regular Season', 8, 2, NULL, 15),
  (302, 'Regular Season', 8, 3, NULL, 15),
  (303, 'Regular Season', 8, 3, NULL, 15),
  (304, 'Regular Season', 8, 3, NULL, 15),
  (305, 'Regular Season', 9, 1, NULL, 15),
  (306, 'Regular Season', 9, 1, NULL, 15),
  (307, 'Regular Season', 9, 2, NULL, 15),
  (308, 'Regular Season', 9, 2, NULL, 15),
  (309, 'Regular Season', 9, 2, NULL, 15),
  (310, 'Regular Season', 9, 3, NULL, 15),
  (311, 'Regular Season', 9, 3, NULL, 15),
  (312, 'Regular Season', 9, 3, NULL, 15),
  (313, 'Playoffs', NULL, NULL, 'Upper Bracket Quarterfinals', 15),
  (314, 'Playoffs', NULL, NULL, 'Upper Bracket Quarterfinals', 15),
  (315, 'Playoffs', NULL, NULL, 'Upper Bracket Semifinals', 15),
  (316, 'Playoffs', NULL, NULL, 'Upper Bracket Semifinals', 15),
  (317, 'Playoffs', NULL, NULL, 'Lower Bracket Semifinal', 15),
  (318, 'Playoffs', NULL, NULL, 'Upper Bracket Final', 15),
  (319, 'Playoffs', NULL, NULL, 'Lower Bracket Final', 15),
  (320, 'Playoffs', NULL, NULL, 'Grand Final', 15),
  (321, 'Regular Season', 1, 1, NULL, 16),
  (322, 'Regular Season', 1, 1, NULL, 16),
  (323, 'Regular Season', 1, 2, NULL, 16),
  (324, 'Regular Season', 1, 2, NULL, 16),
  (325, 'Regular Season', 1, 2, NULL, 16),
  (326, 'Regular Season', 1, 3, NULL, 16),
  (327, 'Regular Season', 1, 3, NULL, 16),
  (328, 'Regular Season', 1, 3, NULL, 16),
  (329, 'Regular Season', 2, 1, NULL, 16),
  (330, 'Regular Season', 2, 1, NULL, 16),
  (331, 'Regular Season', 2, 2, NULL, 16),
  (332, 'Regular Season', 2, 2, NULL, 16),
  (333, 'Regular Season', 2, 2, NULL, 16),
  (334, 'Regular Season', 2, 3, NULL, 16),
  (335, 'Regular Season', 2, 3, NULL, 16),
  (336, 'Regular Season', 2, 3, NULL, 16),
  (337, 'Regular Season', 3, 1, NULL, 16),
  (338, 'Regular Season', 3, 1, NULL, 16),
  (339, 'Regular Season', 3, 2, NULL, 16),
  (340, 'Regular Season', 3, 2, NULL, 16),
  (341, 'Regular Season', 3, 2, NULL, 16),
  (342, 'Regular Season', 3, 3, NULL, 16),
  (343, 'Regular Season', 3, 3, NULL, 16),
  (344, 'Regular Season', 3, 3, NULL, 16),
  (345, 'Regular Season', 4, 1, NULL, 16),
  (346, 'Regular Season', 4, 1, NULL, 16),
  (347, 'Regular Season', 4, 2, NULL, 16),
  (348, 'Regular Season', 4, 2, NULL, 16),
  (349, 'Regular Season', 4, 2, NULL, 16),
  (350, 'Regular Season', 4, 3, NULL, 16),
  (351, 'Regular Season', 4, 3, NULL, 16),
  (352, 'Regular Season', 4, 3, NULL, 16),
  (353, 'Regular Season', 5, 1, NULL, 16),
  (354, 'Regular Season', 5, 1, NULL, 16),
  (355, 'Regular Season', 5, 2, NULL, 16),
  (356, 'Regular Season', 5, 2, NULL, 16),
  (357, 'Regular Season', 5, 2, NULL, 16),
  (358, 'Regular Season', 5, 3, NULL, 16),
  (359, 'Regular Season', 5, 3, NULL, 16),
  (360, 'Regular Season', 5, 3, NULL, 16),
  (361, 'Regular Season', 6, 1, NULL, 16),
  (362, 'Regular Season', 6, 1, NULL, 16),
  (363, 'Regular Season', 6, 2, NULL, 16),
  (364, 'Regular Season', 6, 2, NULL, 16),
  (365, 'Regular Season', 6, 2, NULL, 16),
  (366, 'Regular Season', 6, 3, NULL, 16),
  (367, 'Regular Season', 6, 3, NULL, 16),
  (368, 'Regular Season', 6, 3, NULL, 16),
  (369, 'Regular Season', 7, 1, NULL, 16),
  (370, 'Regular Season', 7, 1, NULL, 16),
  (371, 'Regular Season', 7, 2, NULL, 16),
  (372, 'Regular Season', 7, 2, NULL, 16),
  (373, 'Regular Season', 7, 2, NULL, 16),
  (374, 'Regular Season', 7, 3, NULL, 16),
  (375, 'Regular Season', 7, 3, NULL, 16),
  (376, 'Regular Season', 7, 3, NULL, 16),
  (377, 'Regular Season', 8, 1, NULL, 16),
  (378, 'Regular Season', 8, 1, NULL, 16),
  (379, 'Regular Season', 8, 2, NULL, 16),
  (380, 'Regular Season', 8, 2, NULL, 16),
  (381, 'Regular Season', 8, 2, NULL, 16),
  (382, 'Regular Season', 8, 3, NULL, 16),
  (383, 'Regular Season', 8, 3, NULL, 16),
  (384, 'Regular Season', 8, 3, NULL, 16),
  (385, 'Regular Season', 9, 1, NULL, 16),
  (386, 'Regular Season', 9, 1, NULL, 16),
  (387, 'Regular Season', 9, 2, NULL, 16),
  (388, 'Regular Season', 9, 2, NULL, 16),
  (389, 'Regular Season', 9, 2, NULL, 16),
  (390, 'Regular Season', 9, 3, NULL, 16),
  (391, 'Regular Season', 9, 3, NULL, 16),
  (392, 'Regular Season', 9, 3, NULL, 16),
  (393, 'Playoffs', NULL, NULL, 'Upper Bracket Quarterfinals', 16),
  (394, 'Playoffs', NULL, NULL, 'Upper Bracket Quarterfinals', 16),
  (395, 'Playoffs', NULL, NULL, 'Upper Bracket Semifinals', 16),
  (396, 'Playoffs', NULL, NULL, 'Upper Bracket Semifinals', 16),
  (397, 'Playoffs', NULL, NULL, 'Lower Bracket Semifinal', 16),
  (398, 'Playoffs', NULL, NULL, 'Upper Bracket Final', 16),
  (399, 'Playoffs', NULL, NULL, 'Lower Bracket Final', 16),
  (400, 'Playoffs', NULL, NULL, 'Grand Final', 16),
  (401, 'Regular Season', 1, 1, NULL, 17),
  (402, 'Regular Season', 1, 1, NULL, 17),
  (403, 'Regular Season', 1, 2, NULL, 17),
  (404, 'Regular Season', 1, 2, NULL, 17),
  (405, 'Regular Season', 1, 2, NULL, 17),
  (406, 'Regular Season', 1, 3, NULL, 17),
  (407, 'Regular Season', 1, 3, NULL, 17),
  (408, 'Regular Season', 1, 3, NULL, 17),
  (409, 'Regular Season', 2, 1, NULL, 17),
  (410, 'Regular Season', 2, 1, NULL, 17),
  (411, 'Regular Season', 2, 2, NULL, 17),
  (412, 'Regular Season', 2, 2, NULL, 17),
  (413, 'Regular Season', 2, 2, NULL, 17),
  (414, 'Regular Season', 2, 3, NULL, 17),
  (415, 'Regular Season', 2, 3, NULL, 17),
  (416, 'Regular Season', 2, 3, NULL, 17),
  (417, 'Regular Season', 3, 1, NULL, 17),
  (418, 'Regular Season', 3, 1, NULL, 17),
  (419, 'Regular Season', 3, 2, NULL, 17),
  (420, 'Regular Season', 3, 2, NULL, 17),
  (421, 'Regular Season', 3, 2, NULL, 17),
  (422, 'Regular Season', 3, 3, NULL, 17),
  (423, 'Regular Season', 3, 3, NULL, 17),
  (424, 'Regular Season', 3, 3, NULL, 17),
  (425, 'Regular Season', 4, 1, NULL, 17),
  (426, 'Regular Season', 4, 1, NULL, 17),
  (427, 'Regular Season', 4, 2, NULL, 17),
  (428, 'Regular Season', 4, 2, NULL, 17),
  (429, 'Regular Season', 4, 2, NULL, 17),
  (430, 'Regular Season', 4, 3, NULL, 17),
  (431, 'Regular Season', 4, 3, NULL, 17),
  (432, 'Regular Season', 4, 3, NULL, 17),
  (433, 'Regular Season', 5, 1, NULL, 17),
  (434, 'Regular Season', 5, 1, NULL, 17),
  (435, 'Regular Season', 5, 2, NULL, 17),
  (436, 'Regular Season', 5, 2, NULL, 17),
  (437, 'Regular Season', 5, 2, NULL, 17),
  (438, 'Regular Season', 5, 3, NULL, 17),
  (439, 'Regular Season', 5, 3, NULL, 17),
  (440, 'Regular Season', 5, 3, NULL, 17),
  (441, 'Regular Season', 6, 1, NULL, 17),
  (442, 'Regular Season', 6, 1, NULL, 17),
  (443, 'Regular Season', 6, 2, NULL, 17),
  (444, 'Regular Season', 6, 2, NULL, 17),
  (445, 'Regular Season', 6, 2, NULL, 17),
  (446, 'Regular Season', 6, 3, NULL, 17),
  (447, 'Regular Season', 6, 3, NULL, 17),
  (448, 'Regular Season', 6, 3, NULL, 17),
  (449, 'Regular Season', 7, 1, NULL, 17),
  (450, 'Regular Season', 7, 1, NULL, 17),
  (451, 'Regular Season', 7, 2, NULL, 17),
  (452, 'Regular Season', 7, 2, NULL, 17),
  (453, 'Regular Season', 7, 2, NULL, 17),
  (454, 'Regular Season', 7, 3, NULL, 17),
  (455, 'Regular Season', 7, 3, NULL, 17),
  (456, 'Regular Season', 7, 3, NULL, 17),
  (457, 'Regular Season', 8, 1, NULL, 17),
  (458, 'Regular Season', 8, 1, NULL, 17),
  (459, 'Regular Season', 8, 2, NULL, 17),
  (460, 'Regular Season', 8, 2, NULL, 17),
  (461, 'Regular Season', 8, 2, NULL, 17),
  (462, 'Regular Season', 8, 3, NULL, 17),
  (463, 'Regular Season', 8, 3, NULL, 17),
  (464, 'Regular Season', 8, 3, NULL, 17),
  (465, 'Regular Season', 9, 1, NULL, 17),
  (466, 'Regular Season', 9, 1, NULL, 17),
  (467, 'Regular Season', 9, 2, NULL, 17),
  (468, 'Regular Season', 9, 2, NULL, 17),
  (469, 'Regular Season', 9, 2, NULL, 17),
  (470, 'Regular Season', 9, 3, NULL, 17),
  (471, 'Regular Season', 9, 3, NULL, 17),
  (472, 'Regular Season', 9, 3, NULL, 17),
  (473, 'Playoffs', NULL, NULL, 'Upper Bracket Quarterfinals', 17),
  (474, 'Playoffs', NULL, NULL, 'Upper Bracket Quarterfinals', 17),
  (475, 'Playoffs', NULL, NULL, 'Upper Bracket Semifinals', 17),
  (476, 'Playoffs', NULL, NULL, 'Upper Bracket Semifinals', 17),
  (477, 'Playoffs', NULL, NULL, 'Lower Bracket Semifinal', 17),
  (478, 'Playoffs', NULL, NULL, 'Upper Bracket Final', 17),
  (479, 'Playoffs', NULL, NULL, 'Lower Bracket Final', 17),
  (480, 'Playoffs', NULL, NULL, 'Grand Final', 17);

INSERT INTO roster (person_id, season_number, team_id, roster_status, roster_role) VALUES
  (136, 12, 1, 'main', 'EXP Laner'),
  (37, 12, 1, 'main', 'Jungler'),
  (185, 12, 1, 'main', 'Mid Laner'),
  (130, 12, 1, 'main', 'Gold Laner'),
  (145, 12, 1, 'main', 'Roamer'),
  (189, 12, 1, 'subs', 'Jungler'),
  (148, 12, 1, 'subs', 'Roamer'),
  (35, 12, 1, 'staff', 'Head Coach'),
  (125, 12, 1, 'staff', 'Analyst'),
  (16, 12, 1, 'staff', 'Analyst'),
  (13, 12, 10, 'main', 'EXP Laner'),
  (187, 12, 10, 'main', 'Jungler'),
  (209, 12, 10, 'main', 'Mid Laner'),
  (90, 12, 10, 'main', 'Gold Laner'),
  (77, 12, 10, 'main', 'Roamer'),
  (100, 12, 10, 'subs', 'EXP Laner'),
  (60, 12, 10, 'subs', 'Mid Laner'),
  (163, 12, 10, 'subs', 'Roamer'),
  (135, 12, 10, 'staff', 'Coach'),
  (162, 12, 10, 'staff', 'Coach'),
  (204, 12, 2, 'main', 'EXP Laner'),
  (173, 12, 2, 'main', 'Jungler'),
  (121, 12, 2, 'main', 'Mid Laner'),
  (205, 12, 2, 'main', 'Gold Laner'),
  (103, 12, 2, 'main', 'Roamer'),
  (127, 12, 2, 'subs', 'EXP Laner'),
  (194, 12, 2, 'subs', 'Roamer'),
  (7, 12, 2, 'staff', 'Head Coach'),
  (147, 12, 2, 'staff', 'Analyst'),
  (61, 12, 2, 'staff', 'Coach'),
  (54, 12, 3, 'main', 'EXP Laner'),
  (105, 12, 3, 'main', 'Jungler'),
  (97, 12, 3, 'main', 'Mid Laner'),
  (195, 12, 3, 'main', 'Gold Laner'),
  (168, 12, 3, 'main', 'Roamer'),
  (139, 12, 3, 'subs', 'EXP Laner'),
  (151, 12, 3, 'subs', 'Jungler'),
  (107, 12, 3, 'subs', 'Roamer'),
  (83, 12, 3, 'staff', 'Head Coach'),
  (134, 12, 3, 'staff', 'Analyst'),
  (190, 12, 4, 'main', 'EXP Laner'),
  (176, 12, 4, 'main', 'Jungler'),
  (42, 12, 4, 'main', 'Mid Laner'),
  (29, 12, 4, 'main', 'Gold Laner'),
  (82, 12, 4, 'main', 'Roamer'),
  (66, 12, 4, 'subs', 'EXP Laner'),
  (180, 12, 4, 'subs', 'Jungler'),
  (58, 12, 4, 'subs', 'Gold Laner'),
  (5, 12, 4, 'staff', 'Head Coach'),
  (36, 12, 4, 'staff', 'Assistant Coach'),
  (178, 12, 4, 'staff', 'Analyst'),
  (109, 12, 5, 'main', 'EXP Laner'),
  (132, 12, 5, 'main', 'Jungler'),
  (1, 12, 5, 'main', 'Mid Laner'),
  (114, 12, 5, 'main', 'Gold Laner'),
  (21, 12, 5, 'main', 'Roamer'),
  (34, 12, 5, 'subs', 'Gold Laner'),
  (59, 12, 5, 'staff', 'Coach'),
  (33, 12, 7, 'main', 'EXP Laner'),
  (91, 12, 7, 'main', 'Jungler'),
  (161, 12, 7, 'main', 'Mid Laner'),
  (43, 12, 7, 'main', 'Gold Laner'),
  (99, 12, 7, 'main', 'Roamer'),
  (51, 12, 7, 'subs', 'Flex'),
  (6, 12, 7, 'subs', 'Flex'),
  (208, 12, 7, 'staff', 'Head Coach'),
  (2, 12, 7, 'staff', 'Analyst'),
  (92, 12, 9, 'main', 'EXP Laner'),
  (191, 12, 9, 'main', 'Jungler'),
  (177, 12, 9, 'main', 'Mid Laner'),
  (73, 12, 9, 'main', 'Gold Laner'),
  (18, 12, 9, 'main', 'Roamer'),
  (149, 12, 9, 'subs', 'Mid Laner'),
  (39, 12, 9, 'staff', 'Head Coach'),
  (192, 12, 9, 'staff', 'Analyst'),
  (23, 12, 8, 'main', 'EXP Laner'),
  (64, 12, 8, 'main', 'Jungler'),
  (41, 12, 8, 'main', 'Mid Laner'),
  (170, 12, 8, 'main', 'Gold Laner'),
  (126, 12, 8, 'main', 'Roamer'),
  (53, 12, 8, 'subs', 'EXP Laner'),
  (106, 12, 8, 'subs', 'Mid Laner'),
  (202, 12, 8, 'subs', 'Gold Laner'),
  (166, 12, 8, 'staff', 'Head Coach'),
  (146, 12, 8, 'staff', 'Analyst'),
  (136, 13, 1, 'main', 'EXP Laner'),
  (180, 13, 1, 'main', 'Jungler'),
  (42, 13, 1, 'main', 'Mid Laner'),
  (130, 13, 1, 'main', 'Gold Laner'),
  (145, 13, 1, 'main', 'Roamer'),
  (123, 13, 1, 'subs', 'EXP Laner'),
  (37, 13, 1, 'subs', 'Mid Laner'),
  (73, 13, 1, 'subs', 'Gold Laner'),
  (148, 13, 1, 'subs', 'Roamer'),
  (125, 13, 1, 'staff', 'Head Coach'),
  (16, 13, 1, 'staff', 'Assistant Coach'),
  (7, 13, 1, 'staff', 'Analyst'),
  (13, 13, 10, 'main', 'EXP Laner'),
  (71, 13, 10, 'main', 'Jungler'),
  (209, 13, 10, 'main', 'Mid Laner'),
  (90, 13, 10, 'main', 'Gold Laner'),
  (206, 13, 10, 'main', 'Roamer'),
  (77, 13, 10, 'subs', 'Jungler'),
  (162, 13, 10, 'staff', 'Head Coach'),
  (135, 13, 10, 'staff', 'Assistant Coach'),
  (60, 13, 10, 'staff', 'Analyst'),
  (204, 13, 2, 'main', 'EXP Laner'),
  (173, 13, 2, 'main', 'Jungler'),
  (121, 13, 2, 'main', 'Mid Laner'),
  (57, 13, 2, 'main', 'Gold Laner'),
  (103, 13, 2, 'main', 'Roamer'),
  (86, 13, 2, 'subs', 'EXP Laner'),
  (98, 13, 2, 'staff', 'Head Coach'),
  (147, 13, 2, 'staff', 'Assistant Coach'),
  (131, 13, 2, 'staff', 'Analyst'),
  (54, 13, 3, 'main', 'EXP Laner'),
  (88, 13, 3, 'main', 'Jungler'),
  (97, 13, 3, 'main', 'Mid Laner'),
  (195, 13, 3, 'main', 'Gold Laner'),
  (51, 13, 3, 'main', 'Roamer'),
  (100, 13, 3, 'subs', 'EXP Laner'),
  (105, 13, 3, 'subs', 'Jungler'),
  (168, 13, 3, 'subs', 'Roamer'),
  (35, 13, 3, 'staff', 'Coach'),
  (83, 13, 3, 'staff', 'Analyst'),
  (66, 13, 4, 'main', 'EXP Laner'),
  (10, 13, 4, 'main', 'Jungler'),
  (40, 13, 4, 'main', 'Mid Laner'),
  (29, 13, 4, 'main', 'Gold Laner'),
  (50, 13, 4, 'main', 'Roamer'),
  (187, 13, 4, 'subs', 'Jungler'),
  (128, 13, 4, 'subs', 'Gold Laner'),
  (175, 13, 4, 'subs', 'Gold Laner'),
  (137, 13, 4, 'subs', 'Roamer'),
  (68, 13, 4, 'staff', 'Head Coach'),
  (36, 13, 4, 'staff', 'Assistant Coach'),
  (5, 13, 4, 'staff', 'Assistant Coach'),
  (181, 13, 4, 'staff', 'Analyst'),
  (109, 13, 5, 'main', 'EXP Laner'),
  (151, 13, 5, 'main', 'Jungler'),
  (1, 13, 5, 'main', 'Mid Laner'),
  (34, 13, 5, 'main', 'Gold Laner'),
  (21, 13, 5, 'main', 'Roamer'),
  (75, 13, 5, 'subs', 'Jungler'),
  (114, 13, 5, 'subs', 'Gold Laner'),
  (25, 13, 5, 'staff', 'Head Coach'),
  (199, 13, 5, 'staff', 'Assistant Coach'),
  (110, 13, 7, 'main', 'EXP Laner'),
  (91, 13, 7, 'main', 'Jungler'),
  (161, 13, 7, 'main', 'Mid Laner'),
  (43, 13, 7, 'main', 'Gold Laner'),
  (99, 13, 7, 'main', 'Roamer'),
  (33, 13, 7, 'subs', 'EXP Laner'),
  (6, 13, 7, 'subs', 'Gold Laner'),
  (208, 13, 7, 'staff', 'Head Coach'),
  (2, 13, 7, 'staff', 'Coach'),
  (92, 13, 9, 'main', 'EXP Laner'),
  (191, 13, 9, 'main', 'Jungler'),
  (177, 13, 9, 'main', 'Mid Laner'),
  (46, 13, 9, 'main', 'Gold Laner'),
  (18, 13, 9, 'main', 'Roamer'),
  (120, 13, 9, 'subs', 'Gold Laner'),
  (39, 13, 9, 'staff', 'Coach'),
  (192, 13, 9, 'staff', 'Analyst'),
  (48, 13, 8, 'main', 'EXP Laner'),
  (81, 13, 8, 'main', 'Jungler'),
  (41, 13, 8, 'main', 'Mid Laner'),
  (170, 13, 8, 'main', 'Gold Laner'),
  (194, 13, 8, 'main', 'Roamer'),
  (23, 13, 8, 'subs', 'EXP Laner'),
  (64, 13, 8, 'subs', 'Jungler'),
  (106, 13, 8, 'subs', 'Mid Laner'),
  (32, 13, 8, 'subs', 'Gold Laner'),
  (31, 13, 8, 'subs', 'Roamer'),
  (193, 13, 8, 'staff', 'Head Coach'),
  (166, 13, 8, 'staff', 'Assistant Coach'),
  (130, 14, 1, 'main', 'EXP Laner'),
  (132, 14, 1, 'main', 'Jungler'),
  (157, 14, 1, 'main', 'Mid Laner'),
  (73, 14, 1, 'main', 'Gold Laner'),
  (8, 14, 1, 'main', 'Roamer'),
  (69, 14, 1, 'subs', 'Jungler'),
  (148, 14, 1, 'staff', 'Head Coach'),
  (7, 14, 1, 'staff', 'Coach'),
  (172, 14, 1, 'staff', 'Analyst'),
  (109, 14, 2, 'main', 'EXP Laner'),
  (173, 14, 2, 'main', 'Jungler'),
  (121, 14, 2, 'main', 'Mid Laner'),
  (57, 14, 2, 'main', 'Gold Laner'),
  (103, 14, 2, 'main', 'Roamer'),
  (65, 14, 2, 'subs', 'Roamer'),
  (199, 14, 2, 'staff', 'Head Coach'),
  (182, 14, 2, 'staff', 'Assistant Coach'),
  (204, 14, 3, 'main', 'EXP Laner'),
  (151, 14, 3, 'main', 'Jungler'),
  (97, 14, 3, 'main', 'Mid Laner'),
  (20, 14, 3, 'main', 'Gold Laner'),
  (122, 14, 3, 'main', 'Roamer'),
  (100, 14, 3, 'subs', 'EXP Laner'),
  (78, 14, 3, 'subs', 'Mid Laner'),
  (195, 14, 3, 'subs', 'Gold Laner'),
  (144, 14, 3, 'staff', 'Head Coach'),
  (59, 14, 3, 'staff', 'Analyst'),
  (167, 14, 4, 'main', 'EXP Laner'),
  (10, 14, 4, 'main', 'Jungler'),
  (40, 14, 4, 'main', 'Mid Laner'),
  (29, 14, 4, 'main', 'Gold Laner'),
  (50, 14, 4, 'main', 'Roamer'),
  (187, 14, 4, 'subs', 'Jungler'),
  (27, 14, 4, 'subs', 'Mid Laner'),
  (128, 14, 4, 'subs', 'Gold Laner'),
  (9, 14, 4, 'subs', 'Roamer'),
  (5, 14, 4, 'staff', 'Head Coach'),
  (36, 14, 4, 'staff', 'Assistant Coach'),
  (152, 14, 7, 'main', 'EXP Laner'),
  (91, 14, 7, 'main', 'Jungler'),
  (161, 14, 7, 'main', 'Mid Laner'),
  (43, 14, 7, 'main', 'Gold Laner'),
  (99, 14, 7, 'main', 'Roamer'),
  (6, 14, 7, 'subs', 'Jungler'),
  (115, 14, 7, 'subs', 'Flex'),
  (208, 14, 7, 'staff', 'Head Coach'),
  (2, 14, 7, 'staff', 'Assistant Coach'),
  (213, 14, 7, 'staff', 'Analyst'),
  (190, 14, 5, 'main', 'EXP Laner'),
  (191, 14, 5, 'main', 'Jungler'),
  (1, 14, 5, 'main', 'Mid Laner'),
  (34, 14, 5, 'main', 'Gold Laner'),
  (21, 14, 5, 'main', 'Roamer'),
  (70, 14, 5, 'subs', 'EXP Laner'),
  (116, 14, 5, 'subs', 'Gold Laner'),
  (25, 14, 5, 'staff', 'Head Coach'),
  (49, 14, 5, 'staff', 'Analyst'),
  (92, 14, 9, 'main', 'EXP Laner'),
  (4, 14, 9, 'main', 'Jungler'),
  (177, 14, 9, 'main', 'Mid Laner'),
  (117, 14, 9, 'main', 'Gold Laner'),
  (200, 14, 9, 'main', 'Roamer'),
  (159, 14, 9, 'subs', 'Jungler'),
  (18, 14, 9, 'subs', 'Roamer'),
  (143, 14, 9, 'staff', 'Coach'),
  (192, 14, 9, 'staff', 'Analyst'),
  (53, 14, 8, 'main', 'EXP Laner'),
  (176, 14, 8, 'main', 'Jungler'),
  (155, 14, 8, 'main', 'Mid Laner'),
  (170, 14, 8, 'main', 'Gold Laner'),
  (80, 14, 8, 'main', 'Roamer'),
  (75, 14, 8, 'subs', 'Jungler'),
  (98, 14, 8, 'staff', 'Head Coach'),
  (131, 14, 8, 'staff', 'Analyst'),
  (13, 14, 10, 'main', 'EXP Laner'),
  (62, 14, 10, 'main', 'Jungler'),
  (209, 14, 10, 'main', 'Mid Laner'),
  (3, 14, 10, 'main', 'Gold Laner'),
  (196, 14, 10, 'main', 'Roamer'),
  (84, 14, 10, 'subs', 'EXP Laner'),
  (90, 14, 10, 'subs', 'Gold Laner'),
  (206, 14, 10, 'subs', 'Roamer'),
  (162, 14, 10, 'staff', 'Head Coach'),
  (60, 14, 10, 'staff', 'Analyst'),
  (130, 15, 1, 'main', 'EXP Laner'),
  (154, 15, 1, 'main', 'Jungler'),
  (78, 15, 1, 'main', 'Mid Laner'),
  (15, 15, 1, 'main', 'Gold Laner'),
  (50, 15, 1, 'main', 'Roamer'),
  (104, 15, 1, 'subs', 'Jungler'),
  (201, 15, 1, 'staff', 'Head Coach'),
  (148, 15, 1, 'staff', 'Coach'),
  (125, 15, 1, 'staff', 'Analyst'),
  (109, 15, 2, 'main', 'EXP Laner'),
  (10, 15, 2, 'main', 'Jungler'),
  (121, 15, 2, 'main', 'Mid Laner'),
  (57, 15, 2, 'main', 'Gold Laner'),
  (108, 15, 2, 'main', 'Roamer'),
  (65, 15, 2, 'subs', 'Roamer'),
  (55, 15, 2, 'staff', 'Head Coach'),
  (179, 15, 2, 'staff', 'Assistant Coach'),
  (182, 15, 2, 'staff', 'Analyst'),
  (24, 15, 2, 'staff', 'Analyst'),
  (204, 15, 3, 'main', 'EXP Laner'),
  (151, 15, 3, 'main', 'Jungler'),
  (133, 15, 3, 'main', 'Mid Laner'),
  (118, 15, 3, 'main', 'Gold Laner'),
  (122, 15, 3, 'main', 'Roamer'),
  (152, 15, 3, 'subs', 'EXP Laner'),
  (188, 15, 3, 'subs', 'Jungler'),
  (171, 15, 3, 'subs', 'Mid Laner'),
  (20, 15, 3, 'subs', 'Gold Laner'),
  (96, 15, 3, 'subs', 'Roamer'),
  (26, 15, 3, 'staff', 'Head Coach'),
  (195, 15, 3, 'staff', 'Coach'),
  (174, 15, 3, 'staff', 'Analyst'),
  (66, 15, 4, 'main', 'EXP Laner'),
  (6, 15, 4, 'main', 'Jungler'),
  (177, 15, 4, 'main', 'Mid Laner'),
  (58, 15, 4, 'main', 'Gold Laner'),
  (103, 15, 4, 'main', 'Roamer'),
  (29, 15, 4, 'subs', 'Gold Laner'),
  (128, 15, 4, 'subs', 'Flex'),
  (19, 15, 4, 'staff', 'Head Coach'),
  (36, 15, 4, 'staff', 'Analyst'),
  (178, 15, 4, 'staff', 'Analyst'),
  (70, 15, 5, 'main', 'EXP Laner'),
  (119, 15, 5, 'main', 'Jungler'),
  (1, 15, 5, 'main', 'Mid Laner'),
  (95, 15, 5, 'main', 'Gold Laner'),
  (21, 15, 5, 'main', 'Roamer'),
  (34, 15, 5, 'subs', 'Gold Laner'),
  (25, 15, 5, 'staff', 'Head Coach'),
  (49, 15, 5, 'staff', 'Coach'),
  (28, 15, 6, 'main', 'EXP Laner'),
  (198, 15, 6, 'main', 'Jungler'),
  (203, 15, 6, 'main', 'Mid Laner'),
  (205, 15, 6, 'main', 'Gold Laner'),
  (92, 15, 6, 'main', 'Roamer'),
  (63, 15, 6, 'subs', 'EXP Laner'),
  (4, 15, 6, 'subs', 'Jungler'),
  (74, 15, 6, 'subs', 'Roamer'),
  (7, 15, 6, 'staff', 'Head Coach'),
  (143, 15, 6, 'staff', 'Analyst'),
  (110, 15, 7, 'main', 'EXP Laner'),
  (91, 15, 7, 'main', 'Jungler'),
  (161, 15, 7, 'main', 'Mid Laner'),
  (165, 15, 7, 'main', 'Gold Laner'),
  (99, 15, 7, 'main', 'Roamer'),
  (158, 15, 7, 'subs', 'EXP Laner'),
  (132, 15, 7, 'subs', 'Jungler'),
  (43, 15, 7, 'subs', 'Gold Laner'),
  (208, 15, 7, 'staff', 'Head Coach'),
  (2, 15, 7, 'staff', 'Assistant Coach'),
  (134, 15, 7, 'staff', 'Analyst'),
  (53, 15, 8, 'main', 'EXP Laner'),
  (176, 15, 8, 'main', 'Jungler'),
  (155, 15, 8, 'main', 'Mid Laner'),
  (183, 15, 8, 'main', 'Gold Laner'),
  (80, 15, 8, 'main', 'Roamer'),
  (38, 15, 8, 'subs', 'Jungler'),
  (98, 15, 8, 'staff', 'Head Coach'),
  (146, 15, 8, 'staff', 'Assistant Coach'),
  (131, 15, 8, 'staff', 'Analyst'),
  (13, 15, 10, 'main', 'EXP Laner'),
  (62, 15, 10, 'main', 'Jungler'),
  (209, 15, 10, 'main', 'Mid Laner'),
  (102, 15, 10, 'main', 'Gold Laner'),
  (196, 15, 10, 'main', 'Roamer'),
  (3, 15, 10, 'subs', 'Gold Laner'),
  (162, 15, 10, 'staff', 'Head Coach'),
  (60, 15, 10, 'staff', 'Analyst'),
  (130, 16, 1, 'main', 'EXP Laner'),
  (207, 16, 1, 'main', 'Jungler'),
  (78, 16, 1, 'main', 'Mid Laner'),
  (15, 16, 1, 'main', 'Gold Laner'),
  (8, 16, 1, 'main', 'Roamer'),
  (154, 16, 1, 'subs', 'Jungler'),
  (44, 16, 1, 'subs', 'Mid Laner'),
  (82, 16, 1, 'subs', 'Roamer'),
  (201, 16, 1, 'staff', 'Head Coach'),
  (172, 16, 1, 'staff', 'Assistant Coach'),
  (169, 16, 2, 'main', 'EXP Laner'),
  (132, 16, 2, 'main', 'Jungler'),
  (121, 16, 2, 'main', 'Mid Laner'),
  (57, 16, 2, 'main', 'Gold Laner'),
  (65, 16, 2, 'main', 'Roamer'),
  (156, 16, 2, 'subs', 'Jungler'),
  (22, 16, 2, 'staff', 'Head Coach'),
  (59, 16, 2, 'staff', 'Assistant Coach'),
  (24, 16, 2, 'staff', 'Analyst'),
  (142, 16, 3, 'main', 'EXP Laner'),
  (151, 16, 3, 'main', 'Jungler'),
  (133, 16, 3, 'main', 'Mid Laner'),
  (118, 16, 3, 'main', 'Gold Laner'),
  (122, 16, 3, 'main', 'Roamer'),
  (113, 16, 3, 'subs', 'EXP Laner'),
  (188, 16, 3, 'subs', 'Jungler'),
  (153, 16, 3, 'staff', 'Head Coach'),
  (197, 16, 3, 'staff', 'Analyst'),
  (150, 16, 4, 'main', 'EXP Laner'),
  (6, 16, 4, 'main', 'Jungler'),
  (177, 16, 4, 'main', 'Mid Laner'),
  (58, 16, 4, 'main', 'Gold Laner'),
  (103, 16, 4, 'main', 'Roamer'),
  (204, 16, 4, 'subs', 'EXP Laner'),
  (157, 16, 4, 'subs', 'Mid Laner'),
  (29, 16, 4, 'subs', 'Gold Laner'),
  (194, 16, 4, 'staff', 'Coach'),
  (30, 16, 4, 'staff', 'Analyst'),
  (70, 16, 5, 'main', 'EXP Laner'),
  (119, 16, 5, 'main', 'Jungler'),
  (1, 16, 5, 'main', 'Mid Laner'),
  (95, 16, 5, 'main', 'Gold Laner'),
  (21, 16, 5, 'main', 'Roamer'),
  (211, 16, 5, 'subs', 'Gold Laner'),
  (49, 16, 5, 'staff', 'Head Coach'),
  (25, 16, 5, 'staff', 'Assistant Coach'),
  (92, 16, 6, 'main', 'EXP Laner'),
  (11, 16, 6, 'main', 'Jungler'),
  (186, 16, 6, 'main', 'Mid Laner'),
  (205, 16, 6, 'main', 'Gold Laner'),
  (12, 16, 6, 'main', 'Roamer'),
  (198, 16, 6, 'subs', 'Jungler'),
  (203, 16, 6, 'subs', 'Mid Laner'),
  (7, 16, 6, 'staff', 'Coach'),
  (83, 16, 6, 'staff', 'Assistant Coach'),
  (110, 16, 7, 'main', 'EXP Laner'),
  (91, 16, 7, 'main', 'Jungler'),
  (161, 16, 7, 'main', 'Mid Laner'),
  (170, 16, 7, 'main', 'Gold Laner'),
  (99, 16, 7, 'main', 'Roamer'),
  (165, 16, 7, 'subs', 'Gold Laner'),
  (2, 16, 7, 'staff', 'Head Coach'),
  (43, 16, 7, 'staff', 'Assistant Coach'),
  (134, 16, 7, 'staff', 'Analyst'),
  (53, 16, 8, 'main', 'EXP Laner'),
  (176, 16, 8, 'main', 'Jungler'),
  (155, 16, 8, 'main', 'Mid Laner'),
  (183, 16, 8, 'main', 'Gold Laner'),
  (80, 16, 8, 'main', 'Roamer'),
  (152, 16, 8, 'subs', 'EXP Laner'),
  (214, 16, 8, 'subs', 'Jungler'),
  (64, 16, 8, 'subs', 'Jungler'),
  (98, 16, 8, 'staff', 'Head Coach'),
  (146, 16, 8, 'staff', 'Assistant Coach'),
  (131, 16, 8, 'staff', 'Analyst'),
  (13, 16, 10, 'main', 'EXP Laner'),
  (87, 16, 10, 'main', 'Jungler'),
  (209, 16, 10, 'main', 'Mid Laner'),
  (90, 16, 10, 'main', 'Gold Laner'),
  (196, 16, 10, 'main', 'Roamer'),
  (62, 16, 10, 'subs', 'Mid Laner'),
  (102, 16, 10, 'subs', 'Gold Laner'),
  (3, 16, 10, 'subs', 'Gold Laner'),
  (162, 16, 10, 'staff', 'Head Coach'),
  (60, 16, 10, 'staff', 'Analyst'),
  (130, 17, 1, 'main', 'EXP Laner'),
  (207, 17, 1, 'main', 'Jungler'),
  (78, 17, 1, 'main', 'Mid Laner'),
  (15, 17, 1, 'main', 'Gold Laner'),
  (8, 17, 1, 'main', 'Roamer'),
  (151, 17, 1, 'subs', 'Jungler'),
  (44, 17, 1, 'subs', 'Mid Laner'),
  (201, 17, 1, 'staff', 'Head Coach'),
  (172, 17, 1, 'staff', 'Assistant Coach'),
  (169, 17, 2, 'main', 'EXP Laner'),
  (132, 17, 2, 'main', 'Jungler'),
  (121, 17, 2, 'main', 'Mid Laner'),
  (57, 17, 2, 'main', 'Gold Laner'),
  (65, 17, 2, 'main', 'Roamer'),
  (160, 17, 2, 'subs', 'Mid Laner'),
  (141, 17, 2, 'subs', 'Gold Laner'),
  (182, 17, 2, 'staff', 'Head Coach'),
  (89, 17, 2, 'staff', 'Assistant Coach'),
  (59, 17, 2, 'staff', 'Analyst'),
  (76, 17, 2, 'staff', 'Analyst'),
  (142, 17, 3, 'main', 'EXP Laner'),
  (47, 17, 3, 'main', 'Jungler'),
  (133, 17, 3, 'main', 'Mid Laner'),
  (118, 17, 3, 'main', 'Gold Laner'),
  (122, 17, 3, 'main', 'Roamer'),
  (93, 17, 3, 'subs', 'Jungler'),
  (96, 17, 3, 'subs', 'Roamer'),
  (153, 17, 3, 'staff', 'Head Coach'),
  (143, 17, 3, 'staff', 'Assistant Coach'),
  (197, 17, 3, 'staff', 'Analyst'),
  (109, 17, 4, 'main', 'EXP Laner'),
  (6, 17, 4, 'main', 'Jungler'),
  (140, 17, 4, 'main', 'Mid Laner'),
  (58, 17, 4, 'main', 'Gold Laner'),
  (103, 17, 4, 'main', 'Roamer'),
  (190, 17, 4, 'subs', 'EXP Laner'),
  (184, 17, 4, 'subs', 'Mid Laner'),
  (56, 17, 4, 'subs', 'Roamer'),
  (194, 17, 4, 'staff', 'Head Coach'),
  (30, 17, 4, 'staff', 'Analyst'),
  (112, 17, 5, 'main', 'EXP Laner'),
  (129, 17, 5, 'main', 'Jungler'),
  (1, 17, 5, 'main', 'Mid Laner'),
  (95, 17, 5, 'main', 'Gold Laner'),
  (21, 17, 5, 'main', 'Roamer'),
  (17, 17, 5, 'subs', 'Roamer'),
  (124, 17, 5, 'staff', 'Head Coach'),
  (192, 17, 5, 'staff', 'Assistant Coach'),
  (67, 17, 5, 'staff', 'Analyst'),
  (92, 17, 6, 'main', 'EXP Laner'),
  (11, 17, 6, 'main', 'Jungler'),
  (186, 17, 6, 'main', 'Mid Laner'),
  (205, 17, 6, 'main', 'Gold Laner'),
  (12, 17, 6, 'main', 'Roamer'),
  (72, 17, 6, 'subs', 'Jungler'),
  (203, 17, 6, 'subs', 'Mid Laner'),
  (85, 17, 6, 'subs', 'Mid Laner'),
  (212, 17, 6, 'subs', 'Gold Laner'),
  (210, 17, 6, 'staff', 'Head Coach'),
  (83, 17, 6, 'staff', 'Assistant Coach'),
  (110, 17, 7, 'main', 'EXP Laner'),
  (91, 17, 7, 'main', 'Jungler'),
  (161, 17, 7, 'main', 'Mid Laner'),
  (94, 17, 7, 'main', 'Gold Laner'),
  (99, 17, 7, 'main', 'Roamer'),
  (164, 17, 7, 'subs', 'Roamer'),
  (43, 17, 7, 'staff', 'Head Coach'),
  (208, 17, 7, 'staff', 'Assistant Coach'),
  (134, 17, 7, 'staff', 'Analyst'),
  (45, 17, 8, 'main', 'EXP Laner'),
  (173, 17, 8, 'main', 'Jungler'),
  (209, 17, 8, 'main', 'Mid Laner'),
  (183, 17, 8, 'main', 'Gold Laner'),
  (80, 17, 8, 'main', 'Roamer'),
  (155, 17, 8, 'subs', 'Mid Laner'),
  (101, 17, 8, 'subs', 'Gold Laner'),
  (98, 17, 8, 'staff', 'Head Coach'),
  (131, 17, 8, 'staff', 'Assistant Coach'),
  (138, 17, 8, 'staff', 'Analyst'),
  (13, 17, 10, 'main', 'EXP Laner'),
  (87, 17, 10, 'main', 'Jungler'),
  (52, 17, 10, 'main', 'Mid Laner'),
  (102, 17, 10, 'main', 'Gold Laner'),
  (111, 17, 10, 'main', 'Roamer'),
  (14, 17, 10, 'subs', 'EXP Laner'),
  (79, 17, 10, 'staff', 'Head Coach'),
  (60, 17, 10, 'staff', 'Analyst');

INSERT INTO match_team (match_id, team_id, side, score) VALUES
  (1, 10, 'A', 1),
  (1, 3, 'B', 2),
  (2, 9, 'A', 2),
  (2, 1, 'B', 1),
  (3, 2, 'A', 2),
  (3, 5, 'B', 1),
  (4, 10, 'A', 0),
  (4, 8, 'B', 2),
  (5, 1, 'A', 0),
  (5, 2, 'B', 2),
  (6, 3, 'A', 2),
  (6, 9, 'B', 1),
  (7, 8, 'A', 2),
  (7, 7, 'B', 1),
  (8, 5, 'A', 0),
  (8, 7, 'B', 2),
  (9, 9, 'A', 0),
  (9, 8, 'B', 2),
  (10, 2, 'A', 2),
  (10, 3, 'B', 0),
  (11, 7, 'A', 2),
  (11, 1, 'B', 0),
  (12, 4, 'A', 2),
  (12, 5, 'B', 1),
  (13, 3, 'A', 0),
  (13, 7, 'B', 2),
  (14, 10, 'A', 0),
  (14, 9, 'B', 2),
  (15, 5, 'A', 2),
  (15, 1, 'B', 0),
  (16, 4, 'A', 1),
  (16, 8, 'B', 2),
  (17, 1, 'A', 0),
  (17, 4, 'B', 2),
  (18, 8, 'A', 2),
  (18, 2, 'B', 0),
  (19, 2, 'A', 0),
  (19, 10, 'B', 2),
  (20, 4, 'A', 2),
  (20, 3, 'B', 0),
  (21, 3, 'A', 2),
  (21, 5, 'B', 0),
  (22, 10, 'A', 2),
  (22, 7, 'B', 0),
  (23, 9, 'A', 0),
  (23, 2, 'B', 2),
  (24, 5, 'A', 2),
  (24, 8, 'B', 1),
  (25, 7, 'A', 2),
  (25, 4, 'B', 0),
  (26, 7, 'A', 2),
  (26, 9, 'B', 1),
  (27, 4, 'A', 2),
  (27, 10, 'B', 1),
  (28, 1, 'A', 2),
  (28, 3, 'B', 0),
  (29, 10, 'A', 2),
  (29, 5, 'B', 0),
  (30, 9, 'A', 2),
  (30, 4, 'B', 0),
  (31, 2, 'A', 0),
  (31, 7, 'B', 2),
  (32, 4, 'A', 1),
  (32, 2, 'B', 2),
  (33, 5, 'A', 2),
  (33, 9, 'B', 0),
  (34, 8, 'A', 0),
  (34, 1, 'B', 2),
  (35, 1, 'A', 2),
  (35, 10, 'B', 0),
  (36, 3, 'A', 0),
  (36, 8, 'B', 2),
  (37, 3, 'A', 0),
  (37, 10, 'B', 2),
  (38, 1, 'A', 1),
  (38, 9, 'B', 2),
  (39, 5, 'A', 2),
  (39, 2, 'B', 0),
  (40, 1, 'A', 1),
  (40, 8, 'B', 2),
  (41, 7, 'A', 0),
  (41, 5, 'B', 2),
  (42, 2, 'A', 1),
  (42, 1, 'B', 2),
  (43, 8, 'A', 2),
  (43, 10, 'B', 1),
  (44, 9, 'A', 0),
  (44, 3, 'B', 2),
  (45, 1, 'A', 0),
  (45, 7, 'B', 2),
  (46, 8, 'A', 1),
  (46, 9, 'B', 2),
  (47, 3, 'A', 2),
  (47, 2, 'B', 1),
  (48, 5, 'A', 2),
  (48, 4, 'B', 0),
  (49, 7, 'A', 2),
  (49, 3, 'B', 1),
  (50, 4, 'A', 1),
  (50, 1, 'B', 2),
  (51, 9, 'A', 2),
  (51, 10, 'B', 0),
  (52, 7, 'A', 2),
  (52, 8, 'B', 0),
  (53, 2, 'A', 1),
  (53, 8, 'B', 2),
  (54, 3, 'A', 2),
  (54, 4, 'B', 1),
  (55, 10, 'A', 0),
  (55, 2, 'B', 2),
  (56, 1, 'A', 1),
  (56, 5, 'B', 2),
  (57, 5, 'A', 0),
  (57, 3, 'B', 2),
  (58, 7, 'A', 2),
  (58, 10, 'B', 0),
  (59, 2, 'A', 0),
  (59, 9, 'B', 2),
  (60, 3, 'A', 1),
  (60, 1, 'B', 2),
  (61, 8, 'A', 2),
  (61, 4, 'B', 0),
  (62, 9, 'A', 0),
  (62, 7, 'B', 2),
  (63, 10, 'A', 0),
  (63, 4, 'B', 2),
  (64, 8, 'A', 0),
  (64, 5, 'B', 2),
  (65, 4, 'A', 2),
  (65, 9, 'B', 0),
  (66, 5, 'A', 2),
  (66, 10, 'B', 1),
  (67, 7, 'A', 2),
  (67, 2, 'B', 0),
  (68, 9, 'A', 1),
  (68, 5, 'B', 2),
  (69, 10, 'A', 2),
  (69, 1, 'B', 1),
  (70, 4, 'A', 1),
  (70, 7, 'B', 2),
  (71, 2, 'A', 2),
  (71, 4, 'B', 0),
  (72, 8, 'A', 2),
  (72, 3, 'B', 1),
  (73, 5, 'A', 3),
  (73, 3, 'B', 1),
  (74, 2, 'A', 3),
  (74, 9, 'B', 0),
  (75, 8, 'A', 2),
  (75, 5, 'B', 3),
  (76, 7, 'A', 3),
  (76, 2, 'B', 2),
  (77, 8, 'A', 0),
  (77, 2, 'B', 3),
  (78, 5, 'A', 2),
  (78, 7, 'B', 3),
  (79, 5, 'A', 3),
  (79, 2, 'B', 2),
  (80, 7, 'A', 4),
  (80, 5, 'B', 2),
  (81, 1, 'A', 2),
  (81, 4, 'B', 0),
  (82, 3, 'A', 2),
  (82, 9, 'B', 0),
  (83, 5, 'A', 0),
  (83, 2, 'B', 2),
  (84, 9, 'A', 1),
  (84, 1, 'B', 2),
  (85, 10, 'A', 0),
  (85, 3, 'B', 2),
  (86, 7, 'A', 2),
  (86, 5, 'B', 0),
  (87, 8, 'A', 2),
  (87, 10, 'B', 1),
  (88, 2, 'A', 2),
  (88, 4, 'B', 0),
  (89, 9, 'A', 2),
  (89, 8, 'B', 0),
  (90, 4, 'A', 0),
  (90, 10, 'B', 2),
  (91, 2, 'A', 1),
  (91, 1, 'B', 2),
  (92, 8, 'A', 0),
  (92, 7, 'B', 2),
  (93, 4, 'A', 1),
  (93, 5, 'B', 2),
  (94, 1, 'A', 1),
  (94, 7, 'B', 2),
  (95, 3, 'A', 0),
  (95, 2, 'B', 2),
  (96, 10, 'A', 2),
  (96, 9, 'B', 0),
  (97, 7, 'A', 1),
  (97, 10, 'B', 2),
  (98, 4, 'A', 2),
  (98, 3, 'B', 1),
  (99, 10, 'A', 1),
  (99, 2, 'B', 2),
  (100, 8, 'A', 2),
  (100, 4, 'B', 1),
  (101, 5, 'A', 2),
  (101, 1, 'B', 1),
  (102, 9, 'A', 2),
  (102, 7, 'B', 1),
  (103, 2, 'A', 2),
  (103, 8, 'B', 1),
  (104, 3, 'A', 1),
  (104, 5, 'B', 2),
  (105, 7, 'A', 1),
  (105, 3, 'B', 2),
  (106, 2, 'A', 2),
  (106, 9, 'B', 0),
  (107, 10, 'A', 2),
  (107, 5, 'B', 0),
  (108, 7, 'A', 2),
  (108, 2, 'B', 0),
  (109, 8, 'A', 2),
  (109, 1, 'B', 0),
  (110, 9, 'A', 1),
  (110, 4, 'B', 2),
  (111, 5, 'A', 2),
  (111, 8, 'B', 1),
  (112, 1, 'A', 2),
  (112, 3, 'B', 0),
  (113, 5, 'A', 1),
  (113, 9, 'B', 2),
  (114, 4, 'A', 2),
  (114, 7, 'B', 0),
  (115, 3, 'A', 2),
  (115, 8, 'B', 1),
  (116, 1, 'A', 1),
  (116, 10, 'B', 2),
  (117, 4, 'A', 2),
  (117, 2, 'B', 1),
  (118, 1, 'A', 1),
  (118, 9, 'B', 2),
  (119, 5, 'A', 1),
  (119, 7, 'B', 2),
  (120, 3, 'A', 0),
  (120, 10, 'B', 2),
  (121, 2, 'A', 2),
  (121, 5, 'B', 0),
  (122, 10, 'A', 1),
  (122, 8, 'B', 2),
  (123, 5, 'A', 2),
  (123, 4, 'B', 1),
  (124, 9, 'A', 2),
  (124, 3, 'B', 1),
  (125, 7, 'A', 2),
  (125, 1, 'B', 1),
  (126, 3, 'A', 1),
  (126, 7, 'B', 2),
  (127, 1, 'A', 0),
  (127, 2, 'B', 2),
  (128, 8, 'A', 2),
  (128, 9, 'B', 0),
  (129, 9, 'A', 2),
  (129, 10, 'B', 0),
  (130, 2, 'A', 2),
  (130, 3, 'B', 0),
  (131, 10, 'A', 1),
  (131, 7, 'B', 2),
  (132, 4, 'A', 2),
  (132, 1, 'B', 1),
  (133, 8, 'A', 0),
  (133, 2, 'B', 2),
  (134, 3, 'A', 1),
  (134, 4, 'B', 2),
  (135, 1, 'A', 0),
  (135, 5, 'B', 2),
  (136, 7, 'A', 2),
  (136, 8, 'B', 0),
  (137, 5, 'A', 2),
  (137, 3, 'B', 1),
  (138, 2, 'A', 2),
  (138, 10, 'B', 0),
  (139, 3, 'A', 0),
  (139, 1, 'B', 2),
  (140, 4, 'A', 2),
  (140, 8, 'B', 1),
  (141, 7, 'A', 2),
  (141, 9, 'B', 0),
  (142, 8, 'A', 0),
  (142, 5, 'B', 2),
  (143, 9, 'A', 1),
  (143, 2, 'B', 2),
  (144, 10, 'A', 2),
  (144, 4, 'B', 0),
  (145, 5, 'A', 2),
  (145, 10, 'B', 1),
  (146, 8, 'A', 2),
  (146, 3, 'B', 0),
  (147, 4, 'A', 2),
  (147, 9, 'B', 1),
  (148, 1, 'A', 1),
  (148, 8, 'B', 2),
  (149, 2, 'A', 2),
  (149, 7, 'B', 0),
  (150, 10, 'A', 2),
  (150, 1, 'B', 0),
  (151, 7, 'A', 2),
  (151, 4, 'B', 1),
  (152, 9, 'A', 1),
  (152, 5, 'B', 2),
  (153, 5, 'A', 3),
  (153, 8, 'B', 2),
  (154, 10, 'A', 0),
  (154, 4, 'B', 3),
  (155, 7, 'A', 3),
  (155, 5, 'B', 2),
  (156, 2, 'A', 1),
  (156, 4, 'B', 3),
  (157, 5, 'A', 3),
  (157, 2, 'B', 0),
  (158, 7, 'A', 3),
  (158, 4, 'B', 0),
  (159, 4, 'A', 3),
  (159, 5, 'B', 2),
  (160, 7, 'A', 4),
  (160, 4, 'B', 2),
  (161, 7, 'A', 2),
  (161, 10, 'B', 0),
  (162, 4, 'A', 1),
  (162, 3, 'B', 2),
  (163, 10, 'A', 0),
  (163, 2, 'B', 2),
  (164, 8, 'A', 2),
  (164, 4, 'B', 0),
  (165, 5, 'A', 1),
  (165, 1, 'B', 2),
  (166, 9, 'A', 1),
  (166, 7, 'B', 2),
  (167, 2, 'A', 2),
  (167, 8, 'B', 1),
  (168, 3, 'A', 2),
  (168, 5, 'B', 0),
  (169, 9, 'A', 0),
  (169, 8, 'B', 2),
  (170, 4, 'A', 1),
  (170, 10, 'B', 2),
  (171, 2, 'A', 2),
  (171, 1, 'B', 0),
  (172, 8, 'A', 2),
  (172, 7, 'B', 0),
  (173, 4, 'A', 1),
  (173, 5, 'B', 2),
  (174, 3, 'A', 0),
  (174, 2, 'B', 2),
  (175, 1, 'A', 0),
  (175, 7, 'B', 2),
  (176, 10, 'A', 2),
  (176, 9, 'B', 0),
  (177, 7, 'A', 1),
  (177, 5, 'B', 2),
  (178, 3, 'A', 2),
  (178, 9, 'B', 0),
  (179, 5, 'A', 2),
  (179, 2, 'B', 1),
  (180, 1, 'A', 1),
  (180, 4, 'B', 2),
  (181, 10, 'A', 2),
  (181, 3, 'B', 0),
  (182, 9, 'A', 1),
  (182, 1, 'B', 2),
  (183, 8, 'A', 2),
  (183, 10, 'B', 0),
  (184, 2, 'A', 2),
  (184, 4, 'B', 1),
  (185, 7, 'A', 2),
  (185, 3, 'B', 1),
  (186, 2, 'A', 2),
  (186, 9, 'B', 1),
  (187, 10, 'A', 2),
  (187, 5, 'B', 1),
  (188, 7, 'A', 2),
  (188, 2, 'B', 1),
  (189, 8, 'A', 2),
  (189, 1, 'B', 1),
  (190, 9, 'A', 2),
  (190, 4, 'B', 0),
  (191, 5, 'A', 1),
  (191, 8, 'B', 2),
  (192, 1, 'A', 2),
  (192, 3, 'B', 0),
  (193, 5, 'A', 2),
  (193, 9, 'B', 0),
  (194, 4, 'A', 0),
  (194, 7, 'B', 2),
  (195, 3, 'A', 1),
  (195, 8, 'B', 2),
  (196, 1, 'A', 0),
  (196, 10, 'B', 2),
  (197, 4, 'A', 0),
  (197, 2, 'B', 2),
  (198, 1, 'A', 2),
  (198, 9, 'B', 0),
  (199, 5, 'A', 2),
  (199, 7, 'B', 0),
  (200, 3, 'A', 1),
  (200, 10, 'B', 2),
  (201, 2, 'A', 2),
  (201, 3, 'B', 1),
  (202, 9, 'A', 1),
  (202, 10, 'B', 2),
  (203, 3, 'A', 2),
  (203, 4, 'B', 0),
  (204, 1, 'A', 1),
  (204, 5, 'B', 2),
  (205, 7, 'A', 0),
  (205, 8, 'B', 2),
  (206, 4, 'A', 0),
  (206, 1, 'B', 2),
  (207, 10, 'A', 2),
  (207, 7, 'B', 0),
  (208, 8, 'A', 2),
  (208, 2, 'B', 1),
  (209, 5, 'A', 2),
  (209, 3, 'B', 0),
  (210, 2, 'A', 0),
  (210, 10, 'B', 2),
  (211, 3, 'A', 2),
  (211, 1, 'B', 0),
  (212, 4, 'A', 2),
  (212, 8, 'B', 1),
  (213, 7, 'A', 0),
  (213, 9, 'B', 2),
  (214, 8, 'A', 2),
  (214, 5, 'B', 0),
  (215, 9, 'A', 0),
  (215, 2, 'B', 2),
  (216, 10, 'A', 2),
  (216, 4, 'B', 1),
  (217, 5, 'A', 0),
  (217, 10, 'B', 2),
  (218, 8, 'A', 2),
  (218, 3, 'B', 0),
  (219, 4, 'A', 2),
  (219, 9, 'B', 1),
  (220, 1, 'A', 2),
  (220, 8, 'B', 0),
  (221, 2, 'A', 1),
  (221, 7, 'B', 2),
  (222, 10, 'A', 2),
  (222, 1, 'B', 1),
  (223, 7, 'A', 2),
  (223, 4, 'B', 0),
  (224, 9, 'A', 1),
  (224, 5, 'B', 2),
  (225, 2, 'A', 2),
  (225, 5, 'B', 0),
  (226, 9, 'A', 2),
  (226, 3, 'B', 1),
  (227, 5, 'A', 2),
  (227, 4, 'B', 1),
  (228, 10, 'A', 1),
  (228, 8, 'B', 2),
  (229, 7, 'A', 2),
  (229, 1, 'B', 0),
  (230, 3, 'A', 1),
  (230, 7, 'B', 2),
  (231, 1, 'A', 0),
  (231, 2, 'B', 2),
  (232, 8, 'A', 2),
  (232, 9, 'B', 0),
  (233, 2, 'A', 3),
  (233, 1, 'B', 0),
  (234, 7, 'A', 2),
  (234, 5, 'B', 3),
  (235, 10, 'A', 3),
  (235, 2, 'B', 2),
  (236, 8, 'A', 3),
  (236, 5, 'B', 1),
  (237, 2, 'A', 3),
  (237, 5, 'B', 0),
  (238, 10, 'A', 2),
  (238, 8, 'B', 3),
  (239, 10, 'A', 3),
  (239, 2, 'B', 0),
  (240, 8, 'A', 3),
  (240, 10, 'B', 4),
  (241, 6, 'A', 0),
  (241, 8, 'B', 2),
  (242, 4, 'A', 2),
  (242, 10, 'B', 1),
  (243, 4, 'A', 2),
  (243, 5, 'B', 0),
  (244, 2, 'A', 2),
  (244, 1, 'B', 0),
  (245, 8, 'A', 2),
  (245, 7, 'B', 0),
  (246, 3, 'A', 2),
  (246, 2, 'B', 1),
  (247, 1, 'A', 2),
  (247, 7, 'B', 1),
  (248, 10, 'A', 2),
  (248, 6, 'B', 1),
  (249, 7, 'A', 1),
  (249, 5, 'B', 2),
  (250, 3, 'A', 2),
  (250, 6, 'B', 0),
  (251, 6, 'A', 1),
  (251, 1, 'B', 2),
  (252, 8, 'A', 2),
  (252, 10, 'B', 0),
  (253, 2, 'A', 1),
  (253, 4, 'B', 2),
  (254, 5, 'A', 0),
  (254, 2, 'B', 2),
  (255, 1, 'A', 2),
  (255, 4, 'B', 0),
  (256, 10, 'A', 2),
  (256, 3, 'B', 0),
  (257, 7, 'A', 2),
  (257, 3, 'B', 1),
  (258, 6, 'A', 0),
  (258, 4, 'B', 2),
  (259, 10, 'A', 1),
  (259, 5, 'B', 2),
  (260, 7, 'A', 2),
  (260, 2, 'B', 0),
  (261, 8, 'A', 2),
  (261, 1, 'B', 1),
  (262, 2, 'A', 2),
  (262, 6, 'B', 1),
  (263, 5, 'A', 1),
  (263, 8, 'B', 2),
  (264, 1, 'A', 2),
  (264, 3, 'B', 1),
  (265, 6, 'A', 1),
  (265, 7, 'B', 2),
  (266, 4, 'A', 1),
  (266, 3, 'B', 2),
  (267, 10, 'A', 1),
  (267, 2, 'B', 2),
  (268, 8, 'A', 2),
  (268, 4, 'B', 1),
  (269, 5, 'A', 2),
  (269, 1, 'B', 1),
  (270, 7, 'A', 1),
  (270, 10, 'B', 2),
  (271, 2, 'A', 2),
  (271, 8, 'B', 0),
  (272, 3, 'A', 1),
  (272, 5, 'B', 2),
  (273, 5, 'A', 2),
  (273, 6, 'B', 0),
  (274, 4, 'A', 2),
  (274, 7, 'B', 0),
  (275, 3, 'A', 0),
  (275, 8, 'B', 2),
  (276, 1, 'A', 1),
  (276, 10, 'B', 2),
  (277, 4, 'A', 1),
  (277, 2, 'B', 2),
  (278, 1, 'A', 2),
  (278, 6, 'B', 1),
  (279, 5, 'A', 1),
  (279, 7, 'B', 2),
  (280, 3, 'A', 1),
  (280, 10, 'B', 2),
  (281, 6, 'A', 0),
  (281, 3, 'B', 2),
  (282, 1, 'A', 0),
  (282, 5, 'B', 2),
  (283, 4, 'A', 0),
  (283, 1, 'B', 2),
  (284, 10, 'A', 0),
  (284, 7, 'B', 2),
  (285, 8, 'A', 2),
  (285, 2, 'B', 1),
  (286, 6, 'A', 0),
  (286, 10, 'B', 2),
  (287, 7, 'A', 2),
  (287, 8, 'B', 1),
  (288, 5, 'A', 2),
  (288, 4, 'B', 1),
  (289, 5, 'A', 2),
  (289, 3, 'B', 0),
  (290, 2, 'A', 1),
  (290, 10, 'B', 2),
  (291, 3, 'A', 0),
  (291, 1, 'B', 2),
  (292, 4, 'A', 0),
  (292, 8, 'B', 2),
  (293, 7, 'A', 2),
  (293, 6, 'B', 0),
  (294, 8, 'A', 2),
  (294, 5, 'B', 1),
  (295, 6, 'A', 0),
  (295, 2, 'B', 2),
  (296, 10, 'A', 2),
  (296, 4, 'B', 1),
  (297, 10, 'A', 0),
  (297, 1, 'B', 2),
  (298, 2, 'A', 2),
  (298, 3, 'B', 0),
  (299, 5, 'A', 2),
  (299, 10, 'B', 1),
  (300, 1, 'A', 1),
  (300, 8, 'B', 2),
  (301, 2, 'A', 2),
  (301, 7, 'B', 1),
  (302, 8, 'A', 0),
  (302, 3, 'B', 2),
  (303, 7, 'A', 2),
  (303, 4, 'B', 0),
  (304, 6, 'A', 0),
  (304, 5, 'B', 2),
  (305, 2, 'A', 1),
  (305, 5, 'B', 2),
  (306, 3, 'A', 1),
  (306, 7, 'B', 2),
  (307, 4, 'A', 2),
  (307, 6, 'B', 1),
  (308, 10, 'A', 2),
  (308, 8, 'B', 0),
  (309, 7, 'A', 2),
  (309, 1, 'B', 0),
  (310, 3, 'A', 0),
  (310, 4, 'B', 2),
  (311, 1, 'A', 2),
  (311, 2, 'B', 0),
  (312, 8, 'A', 2),
  (312, 6, 'B', 0),
  (313, 7, 'A', 3),
  (313, 10, 'B', 1),
  (314, 2, 'A', 2),
  (314, 1, 'B', 3),
  (315, 5, 'A', 1),
  (315, 7, 'B', 3),
  (316, 8, 'A', 3),
  (316, 1, 'B', 1),
  (317, 5, 'A', 3),
  (317, 1, 'B', 0),
  (318, 7, 'A', 3),
  (318, 8, 'B', 1),
  (319, 8, 'A', 4),
  (319, 5, 'B', 1),
  (320, 7, 'A', 4),
  (320, 8, 'B', 3),
  (321, 7, 'A', 2),
  (321, 3, 'B', 0),
  (322, 6, 'A', 0),
  (322, 4, 'B', 2),
  (323, 10, 'A', 1),
  (323, 5, 'B', 2),
  (324, 7, 'A', 2),
  (324, 2, 'B', 0),
  (325, 8, 'A', 2),
  (325, 1, 'B', 1),
  (326, 2, 'A', 1),
  (326, 6, 'B', 2),
  (327, 5, 'A', 2),
  (327, 8, 'B', 0),
  (328, 1, 'A', 2),
  (328, 3, 'B', 0),
  (329, 7, 'A', 2),
  (329, 5, 'B', 0),
  (330, 3, 'A', 2),
  (330, 6, 'B', 0),
  (331, 5, 'A', 0),
  (331, 2, 'B', 2),
  (332, 1, 'A', 2),
  (332, 4, 'B', 1),
  (333, 10, 'A', 1),
  (333, 3, 'B', 2),
  (334, 6, 'A', 2),
  (334, 1, 'B', 0),
  (335, 8, 'A', 2),
  (335, 10, 'B', 0),
  (336, 2, 'A', 2),
  (336, 4, 'B', 1),
  (337, 6, 'A', 0),
  (337, 8, 'B', 2),
  (338, 4, 'A', 2),
  (338, 10, 'B', 0),
  (339, 4, 'A', 2),
  (339, 5, 'B', 0),
  (340, 2, 'A', 2),
  (340, 1, 'B', 1),
  (341, 8, 'A', 0),
  (341, 7, 'B', 2),
  (342, 3, 'A', 1),
  (342, 2, 'B', 2),
  (343, 1, 'A', 1),
  (343, 7, 'B', 2),
  (344, 10, 'A', 0),
  (344, 6, 'B', 2),
  (345, 6, 'A', 1),
  (345, 7, 'B', 2),
  (346, 4, 'A', 2),
  (346, 3, 'B', 0),
  (347, 10, 'A', 0),
  (347, 2, 'B', 2),
  (348, 8, 'A', 2),
  (348, 4, 'B', 0),
  (349, 5, 'A', 0),
  (349, 1, 'B', 2),
  (350, 7, 'A', 2),
  (350, 10, 'B', 0),
  (351, 2, 'A', 2),
  (351, 8, 'B', 1),
  (352, 3, 'A', 2),
  (352, 5, 'B', 1),
  (353, 5, 'A', 0),
  (353, 6, 'B', 2),
  (354, 4, 'A', 1),
  (354, 7, 'B', 2),
  (355, 3, 'A', 2),
  (355, 8, 'B', 0),
  (356, 1, 'A', 2),
  (356, 10, 'B', 1),
  (357, 4, 'A', 0),
  (357, 2, 'B', 2),
  (358, 1, 'A', 2),
  (358, 6, 'B', 1),
  (359, 5, 'A', 0),
  (359, 7, 'B', 2),
  (360, 3, 'A', 2),
  (360, 10, 'B', 0),
  (361, 6, 'A', 0),
  (361, 3, 'B', 2),
  (362, 1, 'A', 2),
  (362, 5, 'B', 0),
  (363, 4, 'A', 1),
  (363, 1, 'B', 2),
  (364, 10, 'A', 0),
  (364, 7, 'B', 2),
  (365, 8, 'A', 1),
  (365, 2, 'B', 2),
  (366, 6, 'A', 2),
  (366, 10, 'B', 1),
  (367, 7, 'A', 2),
  (367, 8, 'B', 0),
  (368, 5, 'A', 0),
  (368, 4, 'B', 2),
  (369, 5, 'A', 2),
  (369, 3, 'B', 0),
  (370, 2, 'A', 0),
  (370, 10, 'B', 2),
  (371, 3, 'A', 2),
  (371, 1, 'B', 0),
  (372, 4, 'A', 2),
  (372, 8, 'B', 1),
  (373, 7, 'A', 2),
  (373, 6, 'B', 0),
  (374, 8, 'A', 0),
  (374, 5, 'B', 2),
  (375, 6, 'A', 0),
  (375, 2, 'B', 2),
  (376, 10, 'A', 1),
  (376, 4, 'B', 2),
  (377, 10, 'A', 2),
  (377, 1, 'B', 1),
  (378, 2, 'A', 2),
  (378, 3, 'B', 0),
  (379, 5, 'A', 1),
  (379, 10, 'B', 2),
  (380, 1, 'A', 2),
  (380, 8, 'B', 0),
  (381, 2, 'A', 2),
  (381, 7, 'B', 0),
  (382, 8, 'A', 2),
  (382, 3, 'B', 0),
  (383, 7, 'A', 2),
  (383, 4, 'B', 0),
  (384, 6, 'A', 2),
  (384, 5, 'B', 0),
  (385, 2, 'A', 0),
  (385, 5, 'B', 2),
  (386, 3, 'A', 0),
  (386, 7, 'B', 2),
  (387, 4, 'A', 2),
  (387, 6, 'B', 1),
  (388, 10, 'A', 2),
  (388, 8, 'B', 0),
  (389, 7, 'A', 1),
  (389, 1, 'B', 2),
  (390, 3, 'A', 2),
  (390, 4, 'B', 0),
  (391, 1, 'A', 1),
  (391, 2, 'B', 2),
  (392, 8, 'A', 2),
  (392, 6, 'B', 1),
  (393, 1, 'A', 3),
  (393, 6, 'B', 1),
  (394, 4, 'A', 3),
  (394, 3, 'B', 2),
  (395, 2, 'A', 1),
  (395, 1, 'B', 3),
  (396, 7, 'A', 3),
  (396, 4, 'B', 2),
  (397, 2, 'A', 0),
  (397, 4, 'B', 3),
  (398, 1, 'A', 2),
  (398, 7, 'B', 3),
  (399, 1, 'A', 4),
  (399, 4, 'B', 2),
  (400, 7, 'A', 4),
  (400, 1, 'B', 1),
  (401, 2, 'A', 2),
  (401, 1, 'B', 1),
  (402, 6, 'A', 2),
  (402, 8, 'B', 0),
  (403, 4, 'A', 2),
  (403, 5, 'B', 0),
  (404, 1, 'A', 0),
  (404, 7, 'B', 2),
  (405, 10, 'A', 2),
  (405, 6, 'B', 1),
  (406, 3, 'A', 2),
  (406, 2, 'B', 0),
  (407, 4, 'A', 0),
  (407, 10, 'B', 2),
  (408, 8, 'A', 0),
  (408, 7, 'B', 2),
  (409, 7, 'A', 2),
  (409, 5, 'B', 0),
  (410, 3, 'A', 2),
  (410, 6, 'B', 0),
  (411, 5, 'A', 2),
  (411, 2, 'B', 0),
  (412, 1, 'A', 2),
  (412, 4, 'B', 1),
  (413, 10, 'A', 2),
  (413, 3, 'B', 1),
  (414, 6, 'A', 1),
  (414, 1, 'B', 2),
  (415, 8, 'A', 0),
  (415, 10, 'B', 2),
  (416, 2, 'A', 2),
  (416, 4, 'B', 1),
  (417, 7, 'A', 2),
  (417, 3, 'B', 1),
  (418, 6, 'A', 0),
  (418, 4, 'B', 2),
  (419, 10, 'A', 0),
  (419, 5, 'B', 2),
  (420, 7, 'A', 1),
  (420, 2, 'B', 2),
  (421, 8, 'A', 1),
  (421, 1, 'B', 2),
  (422, 2, 'A', 1),
  (422, 6, 'B', 2),
  (423, 5, 'A', 2),
  (423, 8, 'B', 1),
  (424, 1, 'A', 0),
  (424, 3, 'B', 2),
  (425, 6, 'A', 0),
  (425, 7, 'B', 2),
  (426, 4, 'A', 2),
  (426, 3, 'B', 0),
  (427, 10, 'A', 1),
  (427, 2, 'B', 2),
  (428, 8, 'A', 0),
  (428, 4, 'B', 2),
  (429, 5, 'A', 1),
  (429, 1, 'B', 2),
  (430, 7, 'A', 2),
  (430, 10, 'B', 0),
  (431, 2, 'A', 2),
  (431, 8, 'B', 1),
  (432, 3, 'A', 2),
  (432, 5, 'B', 0),
  (433, 5, 'A', 0),
  (433, 6, 'B', 2),
  (434, 4, 'A', 0),
  (434, 7, 'B', 2),
  (435, 3, 'A', 2),
  (435, 8, 'B', 0),
  (436, 1, 'A', 1),
  (436, 10, 'B', 2),
  (437, 4, 'A', 0),
  (437, 2, 'B', 2),
  (438, 1, 'A', 2),
  (438, 6, 'B', 1),
  (439, 5, 'A', 2),
  (439, 7, 'B', 1),
  (440, 3, 'A', 2),
  (440, 10, 'B', 0),
  (441, 6, 'A', 1),
  (441, 3, 'B', 2),
  (442, 1, 'A', 2),
  (442, 5, 'B', 1),
  (443, 4, 'A', 2),
  (443, 1, 'B', 1),
  (444, 10, 'A', 0),
  (444, 7, 'B', 2),
  (445, 8, 'A', 2),
  (445, 2, 'B', 0),
  (446, 6, 'A', 1),
  (446, 10, 'B', 2),
  (447, 7, 'A', 2),
  (447, 8, 'B', 0),
  (448, 5, 'A', 2),
  (448, 4, 'B', 0),
  (449, 5, 'A', 1),
  (449, 3, 'B', 2),
  (450, 2, 'A', 0),
  (450, 10, 'B', 2),
  (451, 3, 'A', 1),
  (451, 1, 'B', 2),
  (452, 4, 'A', 2),
  (452, 8, 'B', 0),
  (453, 7, 'A', 2),
  (453, 6, 'B', 0),
  (454, 8, 'A', 0),
  (454, 5, 'B', 2),
  (455, 6, 'A', 2),
  (455, 2, 'B', 1),
  (456, 10, 'A', 0),
  (456, 4, 'B', 2),
  (457, 2, 'A', 0),
  (457, 5, 'B', 2),
  (458, 3, 'A', 0),
  (458, 7, 'B', 2),
  (459, 4, 'A', 0),
  (459, 6, 'B', 2),
  (460, 10, 'A', 2),
  (460, 8, 'B', 0),
  (461, 7, 'A', 2),
  (461, 1, 'B', 1),
  (462, 3, 'A', 0),
  (462, 4, 'B', 2),
  (463, 1, 'A', 0),
  (463, 2, 'B', 2),
  (464, 8, 'A', 0),
  (464, 6, 'B', 2),
  (465, 2, 'A', 2),
  (465, 3, 'B', 1),
  (466, 10, 'A', 2),
  (466, 1, 'B', 0),
  (467, 5, 'A', 0),
  (467, 10, 'B', 2),
  (468, 1, 'A', 1),
  (468, 8, 'B', 2),
  (469, 2, 'A', 2),
  (469, 7, 'B', 1),
  (470, 8, 'A', 1),
  (470, 3, 'B', 2),
  (471, 7, 'A', 2),
  (471, 4, 'B', 0),
  (472, 6, 'A', 1),
  (472, 5, 'B', 2),
  (473, 3, 'A', 0),
  (473, 5, 'B', 3),
  (474, 2, 'A', 3),
  (474, 4, 'B', 1),
  (475, 10, 'A', 1),
  (475, 5, 'B', 3),
  (476, 7, 'A', 3),
  (476, 2, 'B', 1),
  (477, 10, 'A', 0),
  (477, 2, 'B', 3),
  (478, 5, 'A', 0),
  (478, 7, 'B', 3),
  (479, 5, 'A', 1),
  (479, 2, 'B', 4),
  (480, 7, 'A', 1),
  (480, 2, 'B', 4);

INSERT INTO roster_award (person_id, season_number, team_id, award_type_id) VALUES
  (91, 12, 7, 1),
  (57, 13, 2, 1),
  (62, 14, 10, 1),
  (80, 15, 8, 1),
  (161, 16, 7, 1),
  (99, 12, 7, 2),
  (43, 13, 7, 2),
  (196, 14, 10, 2),
  (161, 15, 7, 2),
  (91, 16, 7, 2),
  (34, 12, 5, 3),
  (121, 13, 2, 3),
  (209, 14, 10, 3),
  (130, 15, 1, 3),
  (133, 16, 3, 3),
  (132, 12, 5, 4),
  (132, 12, 5, 5),
  (71, 13, 10, 5),
  (62, 14, 10, 5),
  (119, 15, 5, 5),
  (169, 16, 2, 5),
  (110, 13, 7, 6),
  (53, 14, 8, 6),
  (53, 15, 8, 6),
  (110, 16, 7, 6),
  (91, 13, 7, 6),
  (176, 14, 8, 6),
  (176, 15, 8, 6),
  (91, 16, 7, 6),
  (161, 13, 7, 6),
  (155, 14, 8, 6),
  (155, 15, 8, 6),
  (161, 16, 7, 6),
  (170, 13, 8, 6),
  (170, 14, 8, 6),
  (183, 15, 8, 6),
  (170, 16, 7, 6),
  (99, 13, 7, 6),
  (80, 14, 8, 6),
  (80, 15, 8, 6),
  (99, 16, 7, 6),
  (33, 12, 7, 7),
  (66, 13, 4, 7),
  (53, 14, 8, 7),
  (53, 15, 8, 7),
  (169, 16, 2, 7),
  (91, 12, 7, 7),
  (173, 13, 2, 7),
  (62, 14, 10, 7),
  (91, 15, 7, 7),
  (91, 16, 7, 7),
  (161, 12, 7, 7),
  (161, 13, 7, 7),
  (155, 14, 8, 7),
  (161, 15, 7, 7),
  (161, 16, 7, 7),
  (34, 12, 5, 7),
  (57, 13, 2, 7),
  (170, 14, 8, 7),
  (57, 15, 2, 7),
  (57, 16, 2, 7),
  (99, 12, 7, 7),
  (99, 13, 7, 7),
  (80, 14, 8, 7),
  (80, 15, 8, 7),
  (99, 16, 7, 7),
  (110, 13, 7, 8),
  (13, 14, 10, 8),
  (130, 15, 1, 8),
  (110, 16, 7, 8),
  (91, 13, 7, 8),
  (176, 14, 8, 8),
  (119, 15, 5, 8),
  (132, 16, 2, 8),
  (121, 13, 2, 8),
  (209, 14, 10, 8),
  (1, 15, 5, 8),
  (121, 16, 2, 8),
  (170, 13, 8, 8),
  (3, 14, 10, 8),
  (183, 15, 8, 8),
  (170, 16, 7, 8),
  (103, 13, 2, 8),
  (196, 14, 10, 8),
  (21, 15, 5, 8),
  (8, 16, 1, 8);

COMMIT;
